<?xml version="1.0" encoding="UTF-8"?>
<testSet xmlns="http://difi.no/xsd/vefa/validator/1.0" configuration="ehf-t16-base-1.0">
	<assert>
		<scope>EHFPROFILE-T16-R001</scope>
	</assert>
	<test>
		<assert>
			<description>Verify correct ProfileID.</description>
			<success>EHFPROFILE-T16-R001</success>
		</assert>
		<DespatchAdvice xmlns:cac="urn:oasis:names:specification:ubl:schema:xsd:CommonAggregateComponents-2"
			xmlns:cbc="urn:oasis:names:specification:ubl:schema:xsd:CommonBasicComponents-2"
			xmlns="urn:oasis:names:specification:ubl:schema:xsd:DespatchAdvice-2">

		  <cbc:ProfileID>urn:www.cenbii.eu:profile:bii30:ver2.0</cbc:ProfileID>

		</DespatchAdvice>
	</test>
	<test>
		<assert>
			<description>Verify correct ProfileID.</description>
			<error>EHFPROFILE-T16-R001</error>
		</assert>
		<DespatchAdvice xmlns:cac="urn:oasis:names:specification:ubl:schema:xsd:CommonAggregateComponents-2"
			xmlns:cbc="urn:oasis:names:specification:ubl:schema:xsd:CommonBasicComponents-2"
			xmlns="urn:oasis:names:specification:ubl:schema:xsd:DespatchAdvice-2">

		  <cbc:ProfileID>urn:www.cenbii.eu:profile:bii04:ver2.0</cbc:ProfileID>

		</DespatchAdvice>
	</test>
</testSet>
