<?xml version="1.0" encoding="UTF-8"?>
<testSet xmlns="http://difi.no/xsd/vefa/validator/1.0" configuration="ehf-t16-base-1.0">
	<assert>
		<scope>NOGOV-T16-R007</scope>
	</assert>
	<test>
		<assert>
			<description>Verify existence of element performs correct.</description>
			<success>NOGOV-T16-R007</success>
		</assert>
		<DespatchAdvice xmlns:cac="urn:oasis:names:specification:ubl:schema:xsd:CommonAggregateComponents-2"
			xmlns:cbc="urn:oasis:names:specification:ubl:schema:xsd:CommonBasicComponents-2"
			xmlns="urn:oasis:names:specification:ubl:schema:xsd:DespatchAdvice-2">

		  <cac:CarrierParty>
				<cac:Person>
					<cac:IdentityDocumentReference>123</cac:IdentityDocumentReference>
				</cac:Person>
			</cac:CarrierParty>

		</DespatchAdvice>
	</test>
	<test>
		<assert>
			<description>Missing element should trigger error.</description>
			<error>NOGOV-T16-R007</error>
		</assert>
		<DespatchAdvice xmlns:cac="urn:oasis:names:specification:ubl:schema:xsd:CommonAggregateComponents-2"
			xmlns:cbc="urn:oasis:names:specification:ubl:schema:xsd:CommonBasicComponents-2"
			xmlns="urn:oasis:names:specification:ubl:schema:xsd:DespatchAdvice-2">

			<cac:CarrierParty>
				<cac:Person>
					<!-- <cac:IdentityDocumentReference>123</cac:IdentityDocumentReference> -->
				</cac:Person>
			</cac:CarrierParty>

		</DespatchAdvice>
	</test>
</testSet>
