<?xml version="1.0" encoding="UTF-8"?>
<buildConfigurations xmlns="http://difi.no/xsd/vefa/validator/1.0">

    <testfolder>unit-EUGEN</testfolder>
    <testfolder>unit-NOGOV</testfolder>

    <configuration>
        <identifier>ehf-t76-base-1.0</identifier>
        <title>EHF Order Response 1.0 (Base)</title>
        <inherit>ubl-orderresponse-2.1</inherit>
        <inherit>ehf-common-ubl-1.0</inherit>
        <file source="sch/NOGOV-UBL-T76.sch" path="xsl/NOGOV-UBL-T76.xsl" infoUrl="/ehf/rule/order-response-1.0/{}/" />
        <file
          source="../../sources/peppol-bis/rules/peppolbis-trdm076-2.0-order-response/Schematron/BII RULES/BIIRULES-UBL-T76.sch"
          path="xsl/BIIRULES-UBL-T76.xsl" />
        <file
          source="../../sources/peppol-bis/rules/peppolbis-trdm076-2.0-order-response/Schematron/OPENPEPPOL/OPENPEPPOL-UBL-T76.sch"
          path="xsl/OPENPEPPOL-UBL-T76.xsl" />
        <rule identifier="OP-T76-R008" action="suppress" />
    </configuration>

    <configuration>
        <identifier>ehf-t76-28-1.0</identifier>
        <title>EHF Order Response 1.0 (Profile 28)</title>
        <profileId>urn:www.cenbii.eu:profile:bii28:ver2.0</profileId>
        <customizationId>urn:www.cenbii.eu:transaction:biitrns076:ver2.0:extended:urn:www.peppol.eu:bis:peppol28a:ver1.0:extended:urn:www.difi.no:ehf:ordrebekreftelse:ver1.0</customizationId>
        <inherit>ehf-t76-base-1.0</inherit>
    </configuration>

</buildConfigurations>
