<?xml version="1.0" encoding="UTF-8"?>
<buildConfigurations xmlns="http://difi.no/xsd/vefa/validator/1.0">

    <testfolder>Tests</testfolder>

    <configuration>
        <identifier>peppolbis-t77-base-1.0</identifier>
        <title>PEPPOL BIS Punch Out 1.0 (Base)</title>
        <inherit>ubl-catalogue-2.1</inherit>
        <file source="Schematron/BII RULES/BIIRULES-UBL-T77.sch" path="xsl/BIIRULES-UBL-T77.xsl" />
        <file source="Schematron/OPENPEPPOL/OPENPEPPOL-UBL-T77.sch" path="xsl/OPENPEPPOL-UBL-T77.xsl" />
    </configuration>

    <configuration>
        <identifier>peppolbis-t77-18a-1.0</identifier>
        <title>PEPPOL BIS Punch Out 1.0 (Profile 18)</title>
        <profileId>urn:www.cenbii.eu:profile:bii18:ver1.0</profileId>
        <customizationId>urn:www.cenbii.eu:transaction:biitrns077:ver2.0:extended:www.peppol.eu:bis:peppol18a:ver1.0</customizationId>
        <inherit>peppolbis-t77-base-1.0</inherit>
    </configuration>

</buildConfigurations>
