<?xml version="1.0" encoding="UTF-8"?>
<!--
                Content and use case:
                This file contains a PEPPOL invoice BIS4a - Single lnvoice. The intention of the test is to check that the schematron validation of VAT identifiers should be prefixed with Country Codes.
                
                Errors:
				None
                
                Warnings:
                EUGEN-T14-R041
				
-->
<Invoice xmlns="urn:oasis:names:specification:ubl:schema:xsd:Invoice-2" xmlns:cac="urn:oasis:names:specification:ubl:schema:xsd:CommonAggregateComponents-2" xmlns:cbc="urn:oasis:names:specification:ubl:schema:xsd:CommonBasicComponents-2">
	<cbc:UBLVersionID>2.1</cbc:UBLVersionID>
	<cbc:CustomizationID>urn:www.cenbii.eu:transaction:biitrns010:ver2.0:extended:urn:www.peppol.eu:bis:peppol5a:ver2.0</cbc:CustomizationID>
	<cbc:ProfileID>urn:www.cenbii.eu:profile:bii05:ver2.0</cbc:ProfileID>
	<cbc:ID>1001776522</cbc:ID>
	<cbc:IssueDate>2013-05-08</cbc:IssueDate>
	<cbc:InvoiceTypeCode listID="UNCL1001">380</cbc:InvoiceTypeCode>
	<cbc:TaxPointDate>2013-05-08</cbc:TaxPointDate>
	<cbc:DocumentCurrencyCode listID="ISO4217">EUR</cbc:DocumentCurrencyCode>
	<cbc:TaxCurrencyCode listID="ISO4217">NOK</cbc:TaxCurrencyCode>
	<cac:InvoicePeriod>
		<cbc:StartDate>2013-01-04</cbc:StartDate>
		<cbc:EndDate>2013-01-05</cbc:EndDate>
	</cac:InvoicePeriod>
	<cac:ContractDocumentReference>
		<cbc:ID>1</cbc:ID>
	</cac:ContractDocumentReference>
	<cac:AccountingSupplierParty>
		<cac:Party>
			<cbc:EndpointID schemeID="NO:ORGNR">123456789</cbc:EndpointID>
			<cac:PartyName>
				<cbc:Name>Leverendøren ASA</cbc:Name>
			</cac:PartyName>
			<cac:PostalAddress>
				<cbc:StreetName>Postboks 123</cbc:StreetName>
				<cbc:CityName>Oslo</cbc:CityName>
				<cbc:PostalZone>0203</cbc:PostalZone>
				<cac:Country>
					<cbc:IdentificationCode listID="ISO3166-1:Alpha2">NO</cbc:IdentificationCode>
				</cac:Country>
			</cac:PostalAddress>
			<cac:PartyTaxScheme>
				<cbc:CompanyID schemeID="NO:VAT">123456789MVA</cbc:CompanyID>
				<cac:TaxScheme>
					<cbc:ID>VAT</cbc:ID>
				</cac:TaxScheme>
			</cac:PartyTaxScheme>
			<cac:PartyLegalEntity>
				<cbc:RegistrationName>Leverendøren ASA</cbc:RegistrationName>
				<cbc:CompanyID schemeID="NO:ORGNR" schemeName="Foretaksregisteret">123456789</cbc:CompanyID>
				<cac:RegistrationAddress>
					<cbc:CityName>Oslo</cbc:CityName>
					<cac:Country>
						<cbc:IdentificationCode listID="ISO3166-1:Alpha2">NO</cbc:IdentificationCode>
					</cac:Country>
				</cac:RegistrationAddress>
			</cac:PartyLegalEntity>
			<cac:Contact>
				<cbc:ID>Vår ref.</cbc:ID>
				<cbc:Name>Hans Hansen</cbc:Name>
				<cbc:Telephone>81509990</cbc:Telephone>
			</cac:Contact>
		</cac:Party>
	</cac:AccountingSupplierParty>
	<cac:AccountingCustomerParty>
		<cac:Party>
			<cac:PartyIdentification>
				<cbc:ID schemeID="ZZZ">26987762</cbc:ID>
			</cac:PartyIdentification>
			<cac:PartyName>
				<cbc:Name>Kunden AS</cbc:Name>
			</cac:PartyName>
			<cac:PostalAddress>
				<cbc:StreetName>Strandgt. 14</cbc:StreetName>
				<cbc:CityName>Bergen</cbc:CityName>
				<cbc:PostalZone>5000</cbc:PostalZone>
				<cac:Country>
					<cbc:IdentificationCode listID="ISO3166-1:Alpha2">NO</cbc:IdentificationCode>
				</cac:Country>
			</cac:PostalAddress>
			<cac:PartyTaxScheme>
				<cbc:CompanyID schemeID="NO:VAT">987654321MVA</cbc:CompanyID>
				<cac:TaxScheme>
					<cbc:ID>VAT</cbc:ID>
				</cac:TaxScheme>
			</cac:PartyTaxScheme>
			<cac:PartyLegalEntity>
				<cbc:RegistrationName>Kunden AS</cbc:RegistrationName>
				<cbc:CompanyID schemeID="NO:ORGNR">987654321</cbc:CompanyID>
				<cac:RegistrationAddress>
					<cbc:CityName>Mainplace</cbc:CityName>
					<cac:Country>
						<cbc:IdentificationCode listID="ISO3166-1:Alpha2">NO</cbc:IdentificationCode>
					</cac:Country>
				</cac:RegistrationAddress>
			</cac:PartyLegalEntity>
			<cac:Contact>
				<cbc:ID>3150Kun</cbc:ID>
				<cbc:Name>Ola Nordmann</cbc:Name>
				<cbc:Telephone>81509990</cbc:Telephone>
				<cbc:ElectronicMail>support@kunden.no</cbc:ElectronicMail>
			</cac:Contact>
		</cac:Party>
	</cac:AccountingCustomerParty>
	<cac:Delivery>
		<cbc:ActualDeliveryDate>2013-05-01</cbc:ActualDeliveryDate>
		<cac:DeliveryLocation>
			<cac:Address>
				<cbc:StreetName>Strandgt. 14</cbc:StreetName>
				<cbc:CityName>Bergen</cbc:CityName>
				<cbc:PostalZone>5000</cbc:PostalZone>
				<cac:Country>
					<cbc:IdentificationCode listID="ISO3166-1:Alpha2">NO</cbc:IdentificationCode>
				</cac:Country>
			</cac:Address>
		</cac:DeliveryLocation>
	</cac:Delivery>
		<cac:PaymentMeans>
		<cbc:PaymentMeansCode listID="UNCL4461">31</cbc:PaymentMeansCode>
		<cbc:PaymentDueDate>2013-07-20</cbc:PaymentDueDate>
		<cbc:PaymentID>0003434323213231</cbc:PaymentID>
		<cac:PayeeFinancialAccount>
			<cbc:ID schemeID="IBAN">NO9386011117947</cbc:ID>
			<cac:FinancialInstitutionBranch>
			<cbc:ID>9710</cbc:ID>
			   <cac:FinancialInstitution>
			      <cbc:ID schemeID="BIC">DNBANOKK</cbc:ID>
			    </cac:FinancialInstitution>
			</cac:FinancialInstitutionBranch>
		</cac:PayeeFinancialAccount>
	</cac:PaymentMeans>
	<cac:PaymentTerms>
		<cbc:Note>Ved for sen betaling blit 8,5 % rente lagt til</cbc:Note>
	</cac:PaymentTerms>
	<cac:TaxExchangeRate>
		<cbc:SourceCurrencyCode listID="ISO4217">EUR</cbc:SourceCurrencyCode>
		<cbc:TargetCurrencyCode listID="ISO4217">NOK</cbc:TargetCurrencyCode>
		<cbc:CalculationRate>8.640</cbc:CalculationRate>
		<cbc:MathematicOperatorCode>Multiply</cbc:MathematicOperatorCode>
		<cbc:Date>2013-10-15</cbc:Date>
	</cac:TaxExchangeRate>
	<cac:TaxTotal>
		<cbc:TaxAmount currencyID="EUR">250.00</cbc:TaxAmount>
		<cac:TaxSubtotal>
			<cbc:TaxableAmount currencyID="EUR">1000.00</cbc:TaxableAmount>
			<cbc:TaxAmount currencyID="EUR">250.00</cbc:TaxAmount>
			<cbc:TransactionCurrencyTaxAmount currencyID="NOK">2160.00</cbc:TransactionCurrencyTaxAmount>
			<cac:TaxCategory>
				<cbc:ID schemeID="UNCL5305">S</cbc:ID>
				<cbc:Percent>25</cbc:Percent>
				<cac:TaxScheme>
					<cbc:ID>VAT</cbc:ID>
				</cac:TaxScheme>
			</cac:TaxCategory>
		</cac:TaxSubtotal>
	</cac:TaxTotal>
	<cac:LegalMonetaryTotal>
		<cbc:LineExtensionAmount currencyID="EUR">1000.00</cbc:LineExtensionAmount>
		<cbc:TaxExclusiveAmount currencyID="EUR">1000.00</cbc:TaxExclusiveAmount>
		<cbc:TaxInclusiveAmount currencyID="EUR">1250.00</cbc:TaxInclusiveAmount>
		<cbc:PayableAmount currencyID="EUR">1250.00</cbc:PayableAmount>
	</cac:LegalMonetaryTotal>
	<cac:InvoiceLine>
		<cbc:ID>1</cbc:ID>
		<cbc:InvoicedQuantity unitCode="NAR" unitCodeListID="UNECERec20">1</cbc:InvoicedQuantity>
		<cbc:LineExtensionAmount currencyID="EUR">1000.00</cbc:LineExtensionAmount>
		<cbc:AccountingCost>123</cbc:AccountingCost>
		<cac:OrderLineReference>
			<cbc:LineID>1</cbc:LineID>
		</cac:OrderLineReference>
		<cac:Item>
			<cbc:Name>Test product</cbc:Name>
			<cac:SellersItemIdentification>
				<cbc:ID>TP</cbc:ID>
			</cac:SellersItemIdentification>
			<cac:ClassifiedTaxCategory>
				<cbc:ID schemeID="UNCL5305">S</cbc:ID>
				<cbc:Percent>25</cbc:Percent>
				<cac:TaxScheme>
					<cbc:ID>VAT</cbc:ID>
				</cac:TaxScheme>
			</cac:ClassifiedTaxCategory>
		</cac:Item>
		<cac:Price>
			<cbc:PriceAmount currencyID="EUR">1000.00</cbc:PriceAmount>
		</cac:Price>
	</cac:InvoiceLine>
</Invoice>
