<?xml version="1.0" encoding="UTF-8"?>
<Namespace xmlns="urn:fdc:difi.no:2017:vefa:structure:Namespace-1">
    <Identifier prefix="ubl">urn:oasis:names:specification:ubl:schema:xsd:Order-2</Identifier>
    <Version>2.2</Version>
    <Include prefix="cac">urn:oasis:names:specification:ubl:schema:xsd:CommonAggregateComponents-2</Include>
    <Include prefix="cbc">urn:oasis:names:specification:ubl:schema:xsd:CommonBasicComponents-2</Include>
    <Include prefix="ext">urn:oasis:names:specification:ubl:schema:xsd:CommonExtensionComponents-2</Include>
    <Element name="Order">
        <Ref card="0..1">ext:UBLExtensions</Ref>
        <Ref card="0..1">cbc:UBLVersionID</Ref>
        <Ref card="0..1">cbc:CustomizationID</Ref>
        <Ref card="0..1">cbc:ProfileID</Ref>
        <Ref card="0..1">cbc:ProfileExecutionID</Ref>
        <Ref card="1..1">cbc:ID</Ref>
        <Ref card="0..1">cbc:SalesOrderID</Ref>
        <Ref card="0..1">cbc:CopyIndicator</Ref>
        <Ref card="0..1">cbc:UUID</Ref>
        <Ref card="1..1">cbc:IssueDate</Ref>
        <Ref card="0..1">cbc:IssueTime</Ref>
        <Ref card="0..1">cbc:OrderTypeCode</Ref>
        <Ref card="0..n">cbc:Note</Ref>
        <Ref card="0..1">cbc:RequestedInvoiceCurrencyCode</Ref>
        <Ref card="0..1">cbc:DocumentCurrencyCode</Ref>
        <Ref card="0..1">cbc:PricingCurrencyCode</Ref>
        <Ref card="0..1">cbc:TaxCurrencyCode</Ref>
        <Ref card="0..1">cbc:CustomerReference</Ref>
        <Ref card="0..1">cbc:AccountingCostCode</Ref>
        <Ref card="0..1">cbc:AccountingCost</Ref>
        <Ref card="0..1">cbc:LineCountNumeric</Ref>
        <Ref card="0..n">cac:ValidityPeriod</Ref>
        <Ref card="0..1">cac:QuotationDocumentReference</Ref>
        <Ref card="0..n">cac:OrderDocumentReference</Ref>
        <Ref card="0..1">cac:OriginatorDocumentReference</Ref>
        <Ref card="0..1">cac:CatalogueReference</Ref>
        <Ref card="0..n">cac:AdditionalDocumentReference</Ref>
        <Ref card="0..n">cac:Contract</Ref>
        <Ref card="0..n">cac:ProjectReference</Ref>
        <Ref card="0..n">cac:Signature</Ref>
        <Ref card="1..1">cac:BuyerCustomerParty</Ref>
        <Ref card="1..1">cac:SellerSupplierParty</Ref>
        <Ref card="0..1">cac:OriginatorCustomerParty</Ref>
        <Ref card="0..1">cac:FreightForwarderParty</Ref>
        <Ref card="0..1">cac:AccountingCustomerParty</Ref>
        <Ref card="0..n">cac:Delivery</Ref>
        <Ref card="0..n">cac:DeliveryTerms</Ref>
        <Ref card="0..n">cac:PaymentMeans</Ref>
        <Ref card="0..n">cac:PaymentTerms</Ref>
        <Ref card="0..1">cac:TransactionConditions</Ref>
        <Ref card="0..n">cac:AllowanceCharge</Ref>
        <Ref card="0..1">cac:TaxExchangeRate</Ref>
        <Ref card="0..1">cac:PricingExchangeRate</Ref>
        <Ref card="0..1">cac:PaymentExchangeRate</Ref>
        <Ref card="0..1">cac:DestinationCountry</Ref>
        <Ref card="0..n">cac:TaxTotal</Ref>
        <Ref card="0..1">cac:AnticipatedMonetaryTotal</Ref>
        <Ref card="1..n">cac:OrderLine</Ref>
    </Element>
</Namespace>