<?xml version="1.0" encoding="UTF-8"?>
<testSet xmlns="http://difi.no/xsd/vefa/validator/1.0" configuration="ehf-t01-base-1.0">
	<assert>
		<scope>NOGOV-T01-R013</scope>
	</assert>
	<test>
		<assert>
			<description>Verify existence of element performs correct.</description>
			<success>NOGOV-T01-R013</success>
		</assert>
		<Order xmlns:cac="urn:oasis:names:specification:ubl:schema:xsd:CommonAggregateComponents-2"
			xmlns:cbc="urn:oasis:names:specification:ubl:schema:xsd:CommonBasicComponents-2"
			xmlns="urn:oasis:names:specification:ubl:schema:xsd:Order-2">

			<cac:AdditionalDocumentReference>
				<cac:Attachment>
					<cac:ExternalReference>
						<cbc:URI>http://...</cbc:URI>
					</cac:ExternalReference>
				</cac:Attachment>
			</cac:AdditionalDocumentReference>

		</Order>
	</test>
	<test>
		<assert>
			<description>Verify trigger of message when element not found.</description>
			<success>NOGOV-T01-R013</success>
		</assert>
		<Order xmlns:cac="urn:oasis:names:specification:ubl:schema:xsd:CommonAggregateComponents-2"
			xmlns:cbc="urn:oasis:names:specification:ubl:schema:xsd:CommonBasicComponents-2"
			xmlns="urn:oasis:names:specification:ubl:schema:xsd:Order-2">

			<cac:AdditionalDocumentReference>
				<cac:Attachment>
					<cac:ExternalReference>
						<cbc:URI></cbc:URI>
					</cac:ExternalReference>
				</cac:Attachment>
			</cac:AdditionalDocumentReference>

		</Order>
	</test>
	<test>
		<assert>
			<description>Verify trigger of message when element not found.</description>
			<error>NOGOV-T01-R013</error>
		</assert>
		<Order xmlns:cac="urn:oasis:names:specification:ubl:schema:xsd:CommonAggregateComponents-2"
			xmlns:cbc="urn:oasis:names:specification:ubl:schema:xsd:CommonBasicComponents-2"
			xmlns="urn:oasis:names:specification:ubl:schema:xsd:Order-2">

			<cac:AdditionalDocumentReference>
				<cac:Attachment>
					<cac:ExternalReference>
						<!-- <cbc:URI></cbc:URI> -->
					</cac:ExternalReference>
				</cac:Attachment>
			</cac:AdditionalDocumentReference>

		</Order>
	</test>
</testSet>
