<?xml version="1.0" encoding="UTF-8"?>
<testSet xmlns="http://difi.no/xsd/vefa/validator/1.0" configuration="ehf-t14-base-2.0">
	<assert>
		<scope>NONAT-T14-R014</scope>
	</assert>
	<test>
		<assert>
			<description>Verify element if provided.</description>
			<success>NONAT-T14-R014</success>
		</assert>
		<CreditNote xmlns:cac="urn:oasis:names:specification:ubl:schema:xsd:CommonAggregateComponents-2"
			xmlns:cbc="urn:oasis:names:specification:ubl:schema:xsd:CommonBasicComponents-2"
			xmlns="urn:oasis:names:specification:ubl:schema:xsd:CreditNote-2">

			<cac:PartyLegalEntity>
				<cbc:CompanyID></cbc:CompanyID>
			</cac:PartyLegalEntity>

		</CreditNote>
	</test>
	<test>
		<assert>
			<description>Trigger error if element is not provided.</description>
			<error>NONAT-T14-R014</error>
		</assert>
		<CreditNote xmlns:cac="urn:oasis:names:specification:ubl:schema:xsd:CommonAggregateComponents-2"
			xmlns:cbc="urn:oasis:names:specification:ubl:schema:xsd:CommonBasicComponents-2"
			xmlns="urn:oasis:names:specification:ubl:schema:xsd:CreditNote-2">

			<cac:PartyLegalEntity>
				<!-- <cbc:CompanyID></cbc:CompanyID> -->
			</cac:PartyLegalEntity>

		</CreditNote>
	</test>
</testSet>
