<?xml version="1.0" encoding="UTF-8"?>
<testSet xmlns="http://difi.no/xsd/vefa/validator/1.0" configuration="ehf-t14-base-2.0">
	<assert>
		<scope>NONAT-T14-R030</scope>
	</assert>
	<test>
		<assert>
			<description>Trigger no warning when taxable category is correct.</description>
			<success>NONAT-T14-R030</success>
		</assert>
		<CreditNote xmlns:cac="urn:oasis:names:specification:ubl:schema:xsd:CommonAggregateComponents-2"
			xmlns:cbc="urn:oasis:names:specification:ubl:schema:xsd:CommonBasicComponents-2"
			xmlns="urn:oasis:names:specification:ubl:schema:xsd:CreditNote-2">

			<cac:TaxTotal>
				<cac:TaxSubtotal>
					<cac:TaxCategory>
						<cbc:ID>S</cbc:ID>
						<cbc:Percent>25</cbc:Percent>
					</cac:TaxCategory>
				</cac:TaxSubtotal>
			</cac:TaxTotal>

			<cac:CreditNoteLine>
				<cac:Item>
					<cac:ClassifiedTaxCategory>
						<cbc:ID>S</cbc:ID>
						<cbc:Percent>25</cbc:Percent>
					</cac:ClassifiedTaxCategory>
				</cac:Item>
			</cac:CreditNoteLine>

		</CreditNote>
	</test>
	<test>
		<assert>
			<description>Trigger no warning when taxable category is correct.</description>
			<success>NONAT-T14-R030</success>
		</assert>
		<CreditNote xmlns:cac="urn:oasis:names:specification:ubl:schema:xsd:CommonAggregateComponents-2"
			xmlns:cbc="urn:oasis:names:specification:ubl:schema:xsd:CommonBasicComponents-2"
			xmlns="urn:oasis:names:specification:ubl:schema:xsd:CreditNote-2">

			<cac:TaxTotal>
				<cac:TaxSubtotal>
					<cac:TaxCategory>
						<cbc:ID>S</cbc:ID>
						<cbc:Percent>25</cbc:Percent>
					</cac:TaxCategory>
				</cac:TaxSubtotal>
			</cac:TaxTotal>

			<cac:CreditNoteLine>
				<cac:Item>
					<cac:ClassifiedTaxCategory>
						<cbc:ID>S</cbc:ID>
						<cbc:Percent>25.00</cbc:Percent>
					</cac:ClassifiedTaxCategory>
				</cac:Item>
			</cac:CreditNoteLine>

		</CreditNote>
	</test>
	<test>
		<assert>
			<description>Trigger no warning when percent is not set.</description>
			<success>NONAT-T14-R030</success>
		</assert>
		<CreditNote xmlns:cac="urn:oasis:names:specification:ubl:schema:xsd:CommonAggregateComponents-2"
			xmlns:cbc="urn:oasis:names:specification:ubl:schema:xsd:CommonBasicComponents-2"
			xmlns="urn:oasis:names:specification:ubl:schema:xsd:CreditNote-2">

			<cac:TaxTotal>
				<cac:TaxSubtotal>
					<cac:TaxCategory>
						<cbc:ID>S</cbc:ID>
						<cbc:Percent>25</cbc:Percent>
					</cac:TaxCategory>
				</cac:TaxSubtotal>
			</cac:TaxTotal>

			<cac:CreditNoteLine>
				<cac:Item>
					<cac:ClassifiedTaxCategory>
						<cbc:ID>S</cbc:ID>
					</cac:ClassifiedTaxCategory>
				</cac:Item>
			</cac:CreditNoteLine>

		</CreditNote>
	</test>
	<test>
		<assert>
			<description>Trigger warning when taxable category is incorrect.</description>
			<error>NONAT-T14-R030</error>
		</assert>
		<CreditNote xmlns:cac="urn:oasis:names:specification:ubl:schema:xsd:CommonAggregateComponents-2"
			xmlns:cbc="urn:oasis:names:specification:ubl:schema:xsd:CommonBasicComponents-2"
			xmlns="urn:oasis:names:specification:ubl:schema:xsd:CreditNote-2">

			<cac:TaxTotal>
				<cac:TaxSubtotal>
					<cac:TaxCategory>
						<cbc:ID>S</cbc:ID>
						<cbc:Percent>25</cbc:Percent>
					</cac:TaxCategory>
				</cac:TaxSubtotal>
			</cac:TaxTotal>

			<cac:CreditNoteLine>
				<cac:Item>
					<cac:ClassifiedTaxCategory>
						<cbc:ID>S</cbc:ID>
						<cbc:Percent>24.99</cbc:Percent>
					</cac:ClassifiedTaxCategory>
				</cac:Item>
			</cac:CreditNoteLine>

		</CreditNote>
	</test>
</testSet>
