<?xml version="1.0" encoding="UTF-8"?>
<testSet xmlns="http://difi.no/xsd/vefa/validator/1.0" configuration="ehf-t19-base-1.0">
	<assert>
		<scope>NOGOV-T19-R010</scope>
	</assert>
	<test>
		<assert>
			<description>Verify existence of EndpointID throws no error.</description>
			<success>NOGOV-T19-R010</success>
		</assert>
		<Catalogue xmlns:cac="urn:oasis:names:specification:ubl:schema:xsd:CommonAggregateComponents-2"
			xmlns:cbc="urn:oasis:names:specification:ubl:schema:xsd:CommonBasicComponents-2"
			xmlns="urn:oasis:names:specification:ubl:schema:xsd:Catalogue-2">

		  <cac:ReceiverParty>
				<cbc:EndpointID></cbc:EndpointID>
			</cac:ReceiverParty>

		</Catalogue>
	</test>
	<test>
		<assert>
			<description>Verify missing EndpointID throws error.</description>
			<error>NOGOV-T19-R010</error>
		</assert>
		<Catalogue xmlns:cac="urn:oasis:names:specification:ubl:schema:xsd:CommonAggregateComponents-2"
			xmlns:cbc="urn:oasis:names:specification:ubl:schema:xsd:CommonBasicComponents-2"
			xmlns="urn:oasis:names:specification:ubl:schema:xsd:Catalogue-2">

		  <cac:ReceiverParty>
				<!-- <cbc:EndpointID></cbc:EndpointID> -->
			</cac:ReceiverParty>

		</Catalogue>
	</test>
</testSet>
