<?xml version="1.0" encoding="UTF-8"?>
<testSet xmlns="http://difi.no/xsd/vefa/validator/1.0" configuration="ehf-t76-base-1.0">
	<assert>
		<scope>NOGOV-T76-R008</scope>
	</assert>
	<test>
		<assert>
			<description>Verify existence of element performs correct.</description>
			<success>NOGOV-T76-R008</success>
		</assert>
		<OrderResponse xmlns:cac="urn:oasis:names:specification:ubl:schema:xsd:CommonAggregateComponents-2"
			xmlns:cbc="urn:oasis:names:specification:ubl:schema:xsd:CommonBasicComponents-2"
			xmlns="urn:oasis:names:specification:ubl:schema:xsd:OrderResponse-2">

			<cac:TaxScheme>
				<cbc:ID></cbc:ID>
			</cac:TaxScheme>

		</OrderResponse>
	</test>
	<test>
		<assert>
			<description>Verify trigger of message when element not found.</description>
			<error>NOGOV-T76-R008</error>
		</assert>
		<OrderResponse xmlns:cac="urn:oasis:names:specification:ubl:schema:xsd:CommonAggregateComponents-2"
			xmlns:cbc="urn:oasis:names:specification:ubl:schema:xsd:CommonBasicComponents-2"
			xmlns="urn:oasis:names:specification:ubl:schema:xsd:OrderResponse-2">

			<cac:TaxScheme>
				<!-- <cbc:ID></cbc:ID> -->
			</cac:TaxScheme>

		</OrderResponse>
	</test>
</testSet>
