<?xml version="1.0" encoding="UTF-8"?>
<testSet xmlns="http://difi.no/xsd/vefa/validator/1.0" configuration="ehf-t76-base-1.0">
	<assert>
		<scope>NOGOV-T76-R009</scope>
	</assert>
	<test>
		<assert>
			<description>Verify additional item property values are not empty.</description>
			<success>NOGOV-T76-R009</success>
		</assert>
		<OrderResponse xmlns:cac="urn:oasis:names:specification:ubl:schema:xsd:CommonAggregateComponents-2"
			xmlns:cbc="urn:oasis:names:specification:ubl:schema:xsd:CommonBasicComponents-2"
			xmlns="urn:oasis:names:specification:ubl:schema:xsd:OrderResponse-2">

			<cac:Item>
				<cac:AdditionalItemProperty>
					<cbc:Value>Something</cbc:Value>
				</cac:AdditionalItemProperty>
			</cac:Item>

		</OrderResponse>
	</test>
	<test>
		<assert>
			<description>Verify additional item property values are not empty.</description>
			<success>NOGOV-T76-R009</success>
		</assert>
		<OrderResponse xmlns:cac="urn:oasis:names:specification:ubl:schema:xsd:CommonAggregateComponents-2"
			xmlns:cbc="urn:oasis:names:specification:ubl:schema:xsd:CommonBasicComponents-2"
			xmlns="urn:oasis:names:specification:ubl:schema:xsd:OrderResponse-2">

			<cac:Item>
				<cac:AdditionalItemProperty>
					<cbc:Value></cbc:Value>
				</cac:AdditionalItemProperty>
			</cac:Item>

		</OrderResponse>
	</test>
	<test>
		<assert>
			<description>Verify additional item property values are not empty.</description>
			<error>NOGOV-T76-R009</error>
		</assert>
		<OrderResponse xmlns:cac="urn:oasis:names:specification:ubl:schema:xsd:CommonAggregateComponents-2"
			xmlns:cbc="urn:oasis:names:specification:ubl:schema:xsd:CommonBasicComponents-2"
			xmlns="urn:oasis:names:specification:ubl:schema:xsd:OrderResponse-2">

			<cac:Item>
				<cac:AdditionalItemProperty>
					<!-- <cbc:Value></cbc:Value> -->
				</cac:AdditionalItemProperty>
			</cac:Item>

		</OrderResponse>
	</test>
</testSet>
