<?xml version="1.0" encoding="UTF-8"?>
<testSet xmlns="http://difi.no/xsd/vefa/validator/1.0" configuration="peppolbis-en16931-base-3.0-cii">
    <assert>
        <description>Verify that EndpointID scheme identifier is from the eaid list</description>
        <scope>PEPPOL-EN16931-CL008</scope>
    </assert>
    <test>
        <assert>
            <success>PEPPOL-EN16931-CL008</success>
        </assert>
        <CrossIndustryInvoice
                xmlns:udt="urn:un:unece:uncefact:data:standard:UnqualifiedDataType:100"
                xmlns:ram="urn:un:unece:uncefact:data:standard:ReusableAggregateBusinessInformationEntity:100"
                xmlns="urn:un:unece:uncefact:data:standard:CrossIndustryInvoice:100">

            <SupplyChainTradeTransaction>
                <ram:ApplicableHeaderTradeAgreement>
                    <ram:SellerTradeParty>
                        <ram:URIUniversalCommunication>
                            <ram:URIID schemeID="9950"/>
                        </ram:URIUniversalCommunication>
                    </ram:SellerTradeParty>
                    <ram:BuyerTradeParty>
                        <ram:URIUniversalCommunication>
                            <ram:URIID schemeID="0007"/>
                        </ram:URIUniversalCommunication>
                    </ram:BuyerTradeParty>
                </ram:ApplicableHeaderTradeAgreement>
            </SupplyChainTradeTransaction>

        </CrossIndustryInvoice>
    </test>
    <test>
        <assert>
            <error number="2">PEPPOL-EN16931-CL008</error>
        </assert>
        <CrossIndustryInvoice
                xmlns:udt="urn:un:unece:uncefact:data:standard:UnqualifiedDataType:100"
                xmlns:ram="urn:un:unece:uncefact:data:standard:ReusableAggregateBusinessInformationEntity:100"
                xmlns="urn:un:unece:uncefact:data:standard:CrossIndustryInvoice:100">

            <SupplyChainTradeTransaction>
                <ram:ApplicableHeaderTradeAgreement>
                    <ram:SellerTradeParty>
                        <ram:URIUniversalCommunication>
                            <ram:URIID schemeID="NO:VATNO"/>
                        </ram:URIUniversalCommunication>
                    </ram:SellerTradeParty>
                    <ram:BuyerTradeParty>
                        <ram:URIUniversalCommunication>
                            <ram:URIID schemeID="1234"/>
                        </ram:URIUniversalCommunication>
                    </ram:BuyerTradeParty>
                </ram:ApplicableHeaderTradeAgreement>
            </SupplyChainTradeTransaction>
        </CrossIndustryInvoice>
    </test>
</testSet>
