<?xml version="1.0" encoding="UTF-8"?>
<testSet xmlns="http://difi.no/xsd/vefa/validator/1.0" configuration="peppolbis-en16931-base-3.0-cii">
    <assert>
        <description>Verify calculation of allowance/charge.</description>
        <scope>PEPPOL-EN16931-R042</scope>
    </assert>
    <test>
        <assert>
            <success>PEPPOL-EN16931-R042</success>
        </assert>
        <CrossIndustryInvoice
                xmlns:udt="urn:un:unece:uncefact:data:standard:UnqualifiedDataType:100"
                xmlns:ram="urn:un:unece:uncefact:data:standard:ReusableAggregateBusinessInformationEntity:100"
                xmlns="urn:un:unece:uncefact:data:standard:CrossIndustryInvoice:100">

            <SupplyChainTradeTransaction>
                <ram:ApplicableHeaderTradeSettlement>
                    <ram:SpecifiedTradeAllowanceCharge>
                        <ram:BasisAmount>100</ram:BasisAmount>
                        <ram:CalculationPercent>60</ram:CalculationPercent>
                    </ram:SpecifiedTradeAllowanceCharge>
                </ram:ApplicableHeaderTradeSettlement>
            </SupplyChainTradeTransaction>

        </CrossIndustryInvoice>
    </test>
    <test>
        <assert>
            <error>PEPPOL-EN16931-R042</error>
        </assert>
        <CrossIndustryInvoice
                xmlns:udt="urn:un:unece:uncefact:data:standard:UnqualifiedDataType:100"
                xmlns:ram="urn:un:unece:uncefact:data:standard:ReusableAggregateBusinessInformationEntity:100"
                xmlns="urn:un:unece:uncefact:data:standard:CrossIndustryInvoice:100">

            <SupplyChainTradeTransaction>
                <ram:ApplicableHeaderTradeSettlement>
                    <ram:SpecifiedTradeAllowanceCharge>
                        <ram:BasisAmount>100</ram:BasisAmount>
                        <!-- <ram:CalculationPercent>60</ram:CalculationPercent> -->
                    </ram:SpecifiedTradeAllowanceCharge>
                </ram:ApplicableHeaderTradeSettlement>
            </SupplyChainTradeTransaction>

        </CrossIndustryInvoice>
    </test>
</testSet>
