<?xml version="1.0" encoding="UTF-8"?>
<testSet xmlns="http://difi.no/xsd/vefa/validator/1.0"
         configuration="peppolbis-en16931-base-3.0-cii">
    <assert>
        <description>Verify operational signs in tax totals in different currencies.</description>
        <scope>PEPPOL-EN16931-R055</scope>
    </assert>
    <test>
        <assert>
            <success>PEPPOL-EN16931-R055</success>
        </assert>
        <CrossIndustryInvoice
                xmlns:udt="urn:un:unece:uncefact:data:standard:UnqualifiedDataType:100"
                xmlns:ram="urn:un:unece:uncefact:data:standard:ReusableAggregateBusinessInformationEntity:100"
                xmlns="urn:un:unece:uncefact:data:standard:CrossIndustryInvoice:100">

            <SupplyChainTradeTransaction>
                <ram:ApplicableHeaderTradeSettlement>
                    <ram:InvoiceCurrencyCode>EUR</ram:InvoiceCurrencyCode>
                    <ram:TaxCurrencyCode>SEK</ram:TaxCurrencyCode>
                    <ram:SpecifiedTradeSettlementHeaderMonetarySummation>
                        <ram:TaxTotalAmount currencyID="EUR">10</ram:TaxTotalAmount>
                        <ram:TaxTotalAmount currencyID="SEK">100</ram:TaxTotalAmount>
                    </ram:SpecifiedTradeSettlementHeaderMonetarySummation>
                </ram:ApplicableHeaderTradeSettlement>
            </SupplyChainTradeTransaction>

        </CrossIndustryInvoice>
    </test>
    <test>
        <assert>
            <error>PEPPOL-EN16931-R055</error>
        </assert>
        <CrossIndustryInvoice
                xmlns:udt="urn:un:unece:uncefact:data:standard:UnqualifiedDataType:100"
                xmlns:ram="urn:un:unece:uncefact:data:standard:ReusableAggregateBusinessInformationEntity:100"
                xmlns="urn:un:unece:uncefact:data:standard:CrossIndustryInvoice:100">

            <SupplyChainTradeTransaction>
                <ram:ApplicableHeaderTradeSettlement>
                    <ram:InvoiceCurrencyCode>EUR</ram:InvoiceCurrencyCode>
                    <ram:TaxCurrencyCode>SEK</ram:TaxCurrencyCode>
                    <ram:SpecifiedTradeSettlementHeaderMonetarySummation>
                        <ram:TaxTotalAmount currencyID="EUR">10</ram:TaxTotalAmount>
                        <ram:TaxTotalAmount currencyID="SEK">-100</ram:TaxTotalAmount>
                    </ram:SpecifiedTradeSettlementHeaderMonetarySummation>
                </ram:ApplicableHeaderTradeSettlement>
            </SupplyChainTradeTransaction>

        </CrossIndustryInvoice>
    </test>
  
</testSet>
