<?xml version="1.0" encoding="UTF-8"?>
<testSet xmlns="http://difi.no/xsd/vefa/validator/1.0"
         configuration="peppolbis-en16931-base-3.0-cii">
    <assert>
        <description>Verify unit codes are same.</description>
        <scope>PEPPOL-EN16931-R130</scope>
    </assert>
    <test>
        <assert>
            <success>PEPPOL-EN16931-R130</success>
        </assert>
        <CrossIndustryInvoice
                xmlns:udt="urn:un:unece:uncefact:data:standard:UnqualifiedDataType:100"
                xmlns:ram="urn:un:unece:uncefact:data:standard:ReusableAggregateBusinessInformationEntity:100"
                xmlns="urn:un:unece:uncefact:data:standard:CrossIndustryInvoice:100">

            <SupplyChainTradeTransaction>
                <ram:IncludedSupplyChainTradeLineItem>
                    <ram:SpecifiedLineTradeDelivery>
                        <ram:BilledQuantity unitCode="AA">10</ram:BilledQuantity>
                    </ram:SpecifiedLineTradeDelivery>
                    <ram:SpecifiedLineTradeAgreement>
                        <ram:NetPriceProductTradePrice>
                            <ram:BasisQuantity unitCode="AA">2</ram:BasisQuantity>
                        </ram:NetPriceProductTradePrice>
                    </ram:SpecifiedLineTradeAgreement>
                </ram:IncludedSupplyChainTradeLineItem>
            </SupplyChainTradeTransaction>

        </CrossIndustryInvoice>
    </test>
    <test>
        <assert>
            <success>PEPPOL-EN16931-R130</success>
        </assert>
        <CrossIndustryInvoice
                xmlns:udt="urn:un:unece:uncefact:data:standard:UnqualifiedDataType:100"
                xmlns:ram="urn:un:unece:uncefact:data:standard:ReusableAggregateBusinessInformationEntity:100"
                xmlns="urn:un:unece:uncefact:data:standard:CrossIndustryInvoice:100">

            <SupplyChainTradeTransaction>
                <ram:IncludedSupplyChainTradeLineItem>
                    <ram:SpecifiedLineTradeDelivery>
                        <ram:BilledQuantity unitCode="AA">10</ram:BilledQuantity>
                    </ram:SpecifiedLineTradeDelivery>
                    <ram:SpecifiedLineTradeAgreement>
                        <ram:NetPriceProductTradePrice>
                            <ram:BasisQuantity>2</ram:BasisQuantity>
                        </ram:NetPriceProductTradePrice>
                    </ram:SpecifiedLineTradeAgreement>
                </ram:IncludedSupplyChainTradeLineItem>
            </SupplyChainTradeTransaction>

        </CrossIndustryInvoice>
    </test>
    <test>
        <assert>
            <error>PEPPOL-EN16931-R130</error>
        </assert>
        <CrossIndustryInvoice
                xmlns:udt="urn:un:unece:uncefact:data:standard:UnqualifiedDataType:100"
                xmlns:ram="urn:un:unece:uncefact:data:standard:ReusableAggregateBusinessInformationEntity:100"
                xmlns="urn:un:unece:uncefact:data:standard:CrossIndustryInvoice:100">

            <SupplyChainTradeTransaction>
                <ram:IncludedSupplyChainTradeLineItem>
                    <ram:SpecifiedLineTradeDelivery>
                        <ram:BilledQuantity unitCode="AA">10</ram:BilledQuantity>
                    </ram:SpecifiedLineTradeDelivery>
                    <ram:SpecifiedLineTradeAgreement>
                        <ram:NetPriceProductTradePrice>
                            <ram:BasisQuantity unitCode="BB">2</ram:BasisQuantity>
                        </ram:NetPriceProductTradePrice>
                    </ram:SpecifiedLineTradeAgreement>
                </ram:IncludedSupplyChainTradeLineItem>
            </SupplyChainTradeTransaction>

        </CrossIndustryInvoice>
    </test>
    <test>
        <assert>
            <error>PEPPOL-EN16931-R130</error>
        </assert>
        <CrossIndustryInvoice
                xmlns:udt="urn:un:unece:uncefact:data:standard:UnqualifiedDataType:100"
                xmlns:ram="urn:un:unece:uncefact:data:standard:ReusableAggregateBusinessInformationEntity:100"
                xmlns="urn:un:unece:uncefact:data:standard:CrossIndustryInvoice:100">

            <SupplyChainTradeTransaction>
                <ram:IncludedSupplyChainTradeLineItem>
                    <ram:SpecifiedLineTradeDelivery>
                        <ram:BilledQuantity unitCode="AA">10</ram:BilledQuantity>
                    </ram:SpecifiedLineTradeDelivery>
                    <ram:SpecifiedLineTradeAgreement>
                        <ram:GrossPriceProductTradePrice>
                            <ram:BasisQuantity unitCode="BB">2</ram:BasisQuantity>
                        </ram:GrossPriceProductTradePrice>
                    </ram:SpecifiedLineTradeAgreement>
                </ram:IncludedSupplyChainTradeLineItem>
            </SupplyChainTradeTransaction>

        </CrossIndustryInvoice>
    </test>
</testSet>
