<?xml version="1.0" encoding="UTF-8"?>
<testSet xmlns="http://difi.no/xsd/vefa/validator/1.0" configuration="peppolbis-en16931-base-3.0-cii">
    <assert>
        <description>Verify existence of EndpointID for seller.</description>
        <scope>PEPPOL-EN16931-R020</scope>
    </assert>
    <test>
        <assert>
            <success>PEPPOL-EN16931-R020</success>
        </assert>
        <CrossIndustryInvoice
                xmlns:udt="urn:un:unece:uncefact:data:standard:UnqualifiedDataType:100"
                xmlns:ram="urn:un:unece:uncefact:data:standard:ReusableAggregateBusinessInformationEntity:100"
                xmlns="urn:un:unece:uncefact:data:standard:CrossIndustryInvoice:100">

            <SupplyChainTradeTransaction>
                <ram:ApplicableHeaderTradeAgreement>
                    <ram:SellerTradeParty>
                        <ram:URIUniversalCommunication>
                            <ram:URIID/>
                        </ram:URIUniversalCommunication>
                    </ram:SellerTradeParty>
                </ram:ApplicableHeaderTradeAgreement>
            </SupplyChainTradeTransaction>

        </CrossIndustryInvoice>
    </test>
    <test>
        <assert>
            <error>PEPPOL-EN16931-R020</error>
        </assert>
        <CrossIndustryInvoice
                xmlns:udt="urn:un:unece:uncefact:data:standard:UnqualifiedDataType:100"
                xmlns:ram="urn:un:unece:uncefact:data:standard:ReusableAggregateBusinessInformationEntity:100"
                xmlns="urn:un:unece:uncefact:data:standard:CrossIndustryInvoice:100">

            <SupplyChainTradeTransaction>
                <ram:ApplicableHeaderTradeAgreement>
                    <ram:SellerTradeParty>
                        <ram:URIUniversalCommunication>
                            <!-- <ram:URIID/> -->
                        </ram:URIUniversalCommunication>
                    </ram:SellerTradeParty>
                </ram:ApplicableHeaderTradeAgreement>
            </SupplyChainTradeTransaction>

        </CrossIndustryInvoice>
    </test>
</testSet>
