<?xml version="1.0" encoding="UTF-8"?>
<testSet xmlns="http://difi.no/xsd/vefa/validator/1.0"
         configuration="peppolbis-en16931-base-3.0-cii">
    <assert>
        <description>Verify existence of not more than a single object identifier pr invoice
            line</description>
        <scope>PEPPOL-EN16931-R100</scope>
    </assert>
    <test>
        <assert>
            <success>PEPPOL-EN16931-R100</success>
        </assert>
        <CrossIndustryInvoice
                xmlns:udt="urn:un:unece:uncefact:data:standard:UnqualifiedDataType:100"
                xmlns:ram="urn:un:unece:uncefact:data:standard:ReusableAggregateBusinessInformationEntity:100"
                xmlns="urn:un:unece:uncefact:data:standard:CrossIndustryInvoice:100">

            <SupplyChainTradeTransaction>
                <ram:IncludedSupplyChainTradeLineItem>
                    <ram:SpecifiedLineTradeSettlement>
                        <ram:AdditionalReferencedDocument>
                            <ram:TypeCode>130</ram:TypeCode>
                        </ram:AdditionalReferencedDocument>
                    </ram:SpecifiedLineTradeSettlement>
                </ram:IncludedSupplyChainTradeLineItem>
            </SupplyChainTradeTransaction>

        </CrossIndustryInvoice>
    </test>
    
    <test>
        <assert>
            <success>PEPPOL-EN16931-R100</success>
        </assert>
        <CrossIndustryInvoice
            xmlns:udt="urn:un:unece:uncefact:data:standard:UnqualifiedDataType:100"
            xmlns:ram="urn:un:unece:uncefact:data:standard:ReusableAggregateBusinessInformationEntity:100"
            xmlns="urn:un:unece:uncefact:data:standard:CrossIndustryInvoice:100">
            
            <SupplyChainTradeTransaction>
                <ram:IncludedSupplyChainTradeLineItem>
                    <ram:SpecifiedLineTradeSettlement>
                        <ram:AdditionalReferencedDocument>
                            <ram:TypeCode>130</ram:TypeCode>
                        </ram:AdditionalReferencedDocument>
                    </ram:SpecifiedLineTradeSettlement>
                </ram:IncludedSupplyChainTradeLineItem>
                
                <ram:IncludedSupplyChainTradeLineItem>
                    <ram:SpecifiedLineTradeSettlement>
                        <ram:AdditionalReferencedDocument>
                            <ram:TypeCode>130</ram:TypeCode>
                        </ram:AdditionalReferencedDocument>
                    </ram:SpecifiedLineTradeSettlement>
                </ram:IncludedSupplyChainTradeLineItem>
            </SupplyChainTradeTransaction>
            
        </CrossIndustryInvoice>
    </test>
    
    <test>
        <assert>
            <error>PEPPOL-EN16931-R100</error>
        </assert>
        <CrossIndustryInvoice
            xmlns:udt="urn:un:unece:uncefact:data:standard:UnqualifiedDataType:100"
            xmlns:ram="urn:un:unece:uncefact:data:standard:ReusableAggregateBusinessInformationEntity:100"
            xmlns="urn:un:unece:uncefact:data:standard:CrossIndustryInvoice:100">
            
            <SupplyChainTradeTransaction>
                <ram:IncludedSupplyChainTradeLineItem>
                    <ram:SpecifiedLineTradeSettlement>
                        <ram:AdditionalReferencedDocument>
                            <ram:TypeCode>130</ram:TypeCode>
                        </ram:AdditionalReferencedDocument>
                        <ram:AdditionalReferencedDocument>
                            <ram:TypeCode>130</ram:TypeCode>
                        </ram:AdditionalReferencedDocument>
                    </ram:SpecifiedLineTradeSettlement>
                </ram:IncludedSupplyChainTradeLineItem>
            </SupplyChainTradeTransaction>
            
        </CrossIndustryInvoice>
    </test>
</testSet>
