<?xml version="1.0" encoding="UTF-8"?>
<testSet xmlns="http://difi.no/xsd/vefa/validator/1.0" configuration="peppolbis-en16931-base-3.0-cii">
    <assert>
        <description>Verify existence of ProfileID.</description>
        <scope>PEPPOL-EN16931-R001</scope>
    </assert>
    <test>
        <assert>
            <success>PEPPOL-EN16931-R001</success>
        </assert>
        <CrossIndustryInvoice
                xmlns:udt="urn:un:unece:uncefact:data:standard:UnqualifiedDataType:100"
                xmlns:ram="urn:un:unece:uncefact:data:standard:ReusableAggregateBusinessInformationEntity:100"
                xmlns="urn:un:unece:uncefact:data:standard:CrossIndustryInvoice:100">

            <ExchangedDocumentContext>
                <ram:BusinessProcessSpecifiedDocumentContextParameter>
                    <ram:ID/>
                </ram:BusinessProcessSpecifiedDocumentContextParameter>
            </ExchangedDocumentContext>

        </CrossIndustryInvoice>
    </test>
    <test>
        <assert>
            <error>PEPPOL-EN16931-R001</error>
        </assert>
        <CrossIndustryInvoice
                xmlns:udt="urn:un:unece:uncefact:data:standard:UnqualifiedDataType:100"
                xmlns:ram="urn:un:unece:uncefact:data:standard:ReusableAggregateBusinessInformationEntity:100"
                xmlns="urn:un:unece:uncefact:data:standard:CrossIndustryInvoice:100">

            <ExchangedDocumentContext>
                <ram:BusinessProcessSpecifiedDocumentContextParameter>
                    <!-- <ram:ID/> -->
                </ram:BusinessProcessSpecifiedDocumentContextParameter>
            </ExchangedDocumentContext>

        </CrossIndustryInvoice>
    </test>
    <test>
        <assert>
            <error>PEPPOL-EN16931-R001</error>
        </assert>
        <CrossIndustryInvoice
                xmlns:udt="urn:un:unece:uncefact:data:standard:UnqualifiedDataType:100"
                xmlns:ram="urn:un:unece:uncefact:data:standard:ReusableAggregateBusinessInformationEntity:100"
                xmlns="urn:un:unece:uncefact:data:standard:CrossIndustryInvoice:100">

            <ExchangedDocumentContext>
                <!-- <ram:BusinessProcessSpecifiedDocumentContextParameter>
                    <ram:ID/>
                </ram:BusinessProcessSpecifiedDocumentContextParameter> -->
            </ExchangedDocumentContext>

        </CrossIndustryInvoice>
    </test>
</testSet>
