<?xml version="1.0" encoding="UTF-8"?>
<testSet xmlns="http://difi.no/xsd/vefa/validator/1.0" configuration="peppolbis-en16931-base-3.0-cii">
	<assert>
    		<description>Verify currency is provided.</description>
		<scope>PEPPOL-EN16931-CL007</scope>
	</assert>
	<test>
		<assert>
			<success>PEPPOL-EN16931-CL007</success>
		</assert>
		<CrossIndustryInvoice
				xmlns:udt="urn:un:unece:uncefact:data:standard:UnqualifiedDataType:100"
				xmlns:ram="urn:un:unece:uncefact:data:standard:ReusableAggregateBusinessInformationEntity:100"
				xmlns="urn:un:unece:uncefact:data:standard:CrossIndustryInvoice:100">

			<ram:TaxTotalAmount currencyID="EUR"></ram:TaxTotalAmount>

		</CrossIndustryInvoice>
	</test>
	<test>
		<assert>
			<error>PEPPOL-EN16931-CL007</error>
		</assert>
		<CrossIndustryInvoice
				xmlns:udt="urn:un:unece:uncefact:data:standard:UnqualifiedDataType:100"
				xmlns:ram="urn:un:unece:uncefact:data:standard:ReusableAggregateBusinessInformationEntity:100"
				xmlns="urn:un:unece:uncefact:data:standard:CrossIndustryInvoice:100">

			<ram:TaxTotalAmount currencyID="SOK"></ram:TaxTotalAmount>

		</CrossIndustryInvoice>
	</test>
</testSet>
