<?xml version="1.0" encoding="UTF-8"?>
<buildConfigurations xmlns="http://difi.no/xsd/vefa/validator/1.0">

    <testfolder>unit-EUGEN</testfolder>
    <testfolder>unit-NOGOV</testfolder>

    <configuration>
        <identifier>ehf-t58-base-1.0</identifier>
        <title>EHF Catalogue Response 1.0 (Base)</title>
        <inherit>ubl-applicationresponse-2.1</inherit>
        <inherit>ehf-common-ubl-1.0</inherit>
        <file source="sch/NOGOV-UBL-T58.sch" path="xsl/NOGOV-UBL-T58.xsl" infoUrl="/ehf/rule/catalogue-response-1.0/{}/" />
        <file
          source="../../sources/peppol-bis/rules/peppolbis-trdm058-2.0-catalogue-response/Schematron/BII RULES/BIIRULES-UBL-T58.sch"
          path="xsl/BIIRULES-UBL-T58.xsl" />
        <file
          source="../../sources/peppol-bis/rules/peppolbis-trdm058-2.0-catalogue-response/Schematron/OPENPEPPOL/OPENPEPPOL-UBL-T58.sch"
          path="xsl/OPENPEPPOL-UBL-T58.xsl" />
    </configuration>

    <configuration>
        <identifier>ehf-t58-01-1.0</identifier>
        <title>EHF Catalogue response 1.0 (Profile 01)</title>
        <profileId>urn:www.cenbii.eu:profile:bii01:ver2.0</profileId>
        <customizationId>urn:www.cenbii.eu:transaction:biitrns058:ver2.0:extended:urn:www.peppol.eu:bis:peppol1a:ver2.0:extended:urn:www.difi.no:ehf:katalogbekreftelse:ver1.0</customizationId>
        <inherit>ehf-t58-base-1.0</inherit>
    </configuration>

</buildConfigurations>
