<?xml version="1.0" encoding="UTF-8"?>
<testSet xmlns="http://difi.no/xsd/vefa/validator/1.0" configuration="peppolbis-en16931-base-3.0-ubl">
	<assert>
		<description>Verify that for Norwegian suppliers, a VAT number MUST be the country code prefix NO followed by a valid Norwegian organization number (nine numbers) followed by the letters MVA.</description>
		<scope>NO-R-001</scope>
	</assert>
	<test>
		<assert>
			
			<success>NO-R-001</success>
		</assert>
		<Invoice xmlns:cac="urn:oasis:names:specification:ubl:schema:xsd:CommonAggregateComponents-2"
			xmlns:cbc="urn:oasis:names:specification:ubl:schema:xsd:CommonBasicComponents-2"
			xmlns="urn:oasis:names:specification:ubl:schema:xsd:Invoice-2">


			<cac:AccountingSupplierParty>
				<cac:Party>
					<cac:PartyTaxScheme>
						<cbc:CompanyID>NO991825827MVA</cbc:CompanyID>			
						<cac:TaxScheme>
							<cbc:ID>VAT</cbc:ID>
						</cac:TaxScheme>
					</cac:PartyTaxScheme>
				</cac:Party>
			</cac:AccountingSupplierParty>
	

		</Invoice>
	</test>

	<test>
		<assert>
			<error>NO-R-001</error>
		</assert>
		<Invoice xmlns:cac="urn:oasis:names:specification:ubl:schema:xsd:CommonAggregateComponents-2"
			xmlns:cbc="urn:oasis:names:specification:ubl:schema:xsd:CommonBasicComponents-2"
			xmlns="urn:oasis:names:specification:ubl:schema:xsd:Invoice-2">

			<cac:AccountingSupplierParty>
				<cac:Party>
					<cac:PartyTaxScheme>
						<cbc:CompanyID>NO991 825 827MVA</cbc:CompanyID>			
						<cac:TaxScheme>
							<cbc:ID>VAT</cbc:ID>
						</cac:TaxScheme>
					</cac:PartyTaxScheme>
				</cac:Party>
			</cac:AccountingSupplierParty>

		</Invoice>
	</test>
	
	<test>
		<assert>
			<success>NO-R-001</success>
		</assert>
		<Invoice xmlns:cac="urn:oasis:names:specification:ubl:schema:xsd:CommonAggregateComponents-2"
			xmlns:cbc="urn:oasis:names:specification:ubl:schema:xsd:CommonBasicComponents-2"
			xmlns="urn:oasis:names:specification:ubl:schema:xsd:Invoice-2">
			
			<cac:AccountingSupplierParty>
				<cac:Party>
					<cac:PartyTaxScheme>
						<cbc:CompanyID>NL991 825 827</cbc:CompanyID>			
						<cac:TaxScheme>
							<cbc:ID>VAT</cbc:ID>
						</cac:TaxScheme>
					</cac:PartyTaxScheme>
				</cac:Party>
			</cac:AccountingSupplierParty>
			
		</Invoice>
	</test>
</testSet>
