﻿<?xml version="1.0" encoding="UTF-8"?>
<OrderResponse xmlns="urn:oasis:names:specification:ubl:schema:xsd:OrderResponse-2" xmlns:cac="urn:oasis:names:specification:ubl:schema:xsd:CommonAggregateComponents-2" xmlns:cbc="urn:oasis:names:specification:ubl:schema:xsd:CommonBasicComponents-2" xmlns:ccts="urn:oasis:names:specification:ubl:schema:xsd:CoreComponentParameters-2" xmlns:sdt="urn:oasis:names:specification:ubl:schema:xsd:SpecializedDatatypes-2" xmlns:udt="urn:un:unece:uncefact:data:specification:UnqualifiedDataTypesSchemaModule:2" xmlns:xsi="http://www.w3.org/2001/XMLSchema-instance" xsi:schemaLocation="urn:oasis:names:specification:ubl:schema:xsd:OrderResponse-2 UBL-OrderResponse-2.0.xsd">

	<cbc:UBLVersionID>2.0</cbc:UBLVersionID>
	<cbc:CustomizationID>OIOUBL-2.01</cbc:CustomizationID>
	<cbc:ProfileID schemeAgencyID="320" schemeID="urn:oioubl:id:profileid-1.1">Procurement-OrdAdvR-BilSim-1.0</cbc:ProfileID>
	<cbc:ID>A00095678</cbc:ID>
	<cbc:CopyIndicator>false</cbc:CopyIndicator>
	<cbc:UUID>6E09886B-DC6E-439F-82D1-7CCAC7F4E3B1</cbc:UUID>
	<cbc:IssueDate>2006-04-01</cbc:IssueDate>
	<cbc:DocumentCurrencyCode>DKK</cbc:DocumentCurrencyCode>
	<cbc:AccountingCost>5250124502</cbc:AccountingCost>
	<cac:OrderReference>
		<cbc:ID>5002701</cbc:ID>
		<cbc:IssueDate>2006-04-01</cbc:IssueDate>
	</cac:OrderReference>
	<cac:SellerSupplierParty>
		<cac:Party>
			<cbc:EndpointID schemeID="DK:CVR">DK16356706</cbc:EndpointID>
			<cac:PartyIdentification>
				<cbc:ID schemeID="DK:CVR">DK16356706</cbc:ID>
			</cac:PartyIdentification>
			<cac:PartyName>
				<cbc:Name>Super Soft A/S</cbc:Name>
			</cac:PartyName>
			<cac:PostalAddress>
				<cbc:AddressFormatCode listAgencyID="320" listID="urn:oioubl:codelist:addressformatcode-1.1">StructuredDK</cbc:AddressFormatCode>
				<cbc:StreetName>Leverandørvej</cbc:StreetName>
				<cbc:BuildingNumber>11</cbc:BuildingNumber>
				<cbc:CityName>Dyssegård</cbc:CityName>
				<cbc:PostalZone>2870</cbc:PostalZone>
				<cac:Country>
					<cbc:IdentificationCode>DK</cbc:IdentificationCode>
				</cac:Country>
			</cac:PostalAddress>
			<cac:PartyTaxScheme>
				<cbc:CompanyID schemeID="DK:SE">DK16356706</cbc:CompanyID>
				<cac:TaxScheme>
					<cbc:ID schemeAgencyID="320" schemeID="urn:oioubl:id:taxschemeid-1.1">63</cbc:ID>
					<cbc:Name>Moms</cbc:Name>
				</cac:TaxScheme>
			</cac:PartyTaxScheme>
			<cac:PartyLegalEntity>
				<cbc:RegistrationName>Super Soft A/S</cbc:RegistrationName>
				<cbc:CompanyID schemeID="DK:CVR">DK16356706</cbc:CompanyID>
			</cac:PartyLegalEntity>
			<cac:Contact>
				<cbc:ID>5567</cbc:ID>
				<cbc:Name>Hugo Jensen</cbc:Name>
				<cbc:Telephone>26532147</cbc:Telephone>
				<cbc:ElectronicMail>Hugo@ss.dk</cbc:ElectronicMail>
			</cac:Contact>
		</cac:Party>
	</cac:SellerSupplierParty>
	<cac:BuyerCustomerParty>
		<cac:Party>
			<cbc:EndpointID schemeAgencyID="9" schemeID="GLN">5798000416604</cbc:EndpointID>
			<cac:PartyIdentification>
				<cbc:ID schemeAgencyID="9" schemeID="GLN">5798000417777</cbc:ID>
			</cac:PartyIdentification>
			<cac:PartyName>
				<cbc:Name>Myretuen</cbc:Name>
			</cac:PartyName>
			<cac:PostalAddress>
				<cbc:AddressFormatCode listAgencyID="320" listID="urn:oioubl:codelist:addressformatcode-1.1">StructuredDK</cbc:AddressFormatCode>
				<cbc:StreetName>Fredericiavej</cbc:StreetName>
				<cbc:BuildingNumber>10</cbc:BuildingNumber>
				<cbc:CityName>Helsingør</cbc:CityName>
				<cbc:PostalZone>3000</cbc:PostalZone>
				<cac:Country>
					<cbc:IdentificationCode>DK</cbc:IdentificationCode>
				</cac:Country>
			</cac:PostalAddress>
			<cac:Contact>
				<cbc:ID>1413</cbc:ID>
				<cbc:Name>Lise Hansen</cbc:Name>
				<cbc:Telephone>2653214</cbc:Telephone>
				<cbc:ElectronicMail>Lise@mt.dk</cbc:ElectronicMail>
			</cac:Contact>
		</cac:Party>
	</cac:BuyerCustomerParty>
	<cac:Delivery>
		<cbc:LatestDeliveryDate>2006-04-15</cbc:LatestDeliveryDate>
	</cac:Delivery>
	<cac:TaxTotal>
		<cbc:TaxAmount currencyID="DKK">1250.00</cbc:TaxAmount>
		<cac:TaxSubtotal>
			<cbc:TaxableAmount currencyID="DKK">5000.00</cbc:TaxableAmount>
			<cbc:TaxAmount currencyID="DKK">1250.00</cbc:TaxAmount>
			<cac:TaxCategory>
				<cbc:ID schemeAgencyID="320" schemeID="urn:oioubl:id:taxcategoryid-1.1">StandardRated</cbc:ID>
				<cbc:Percent>25</cbc:Percent>
				<cac:TaxScheme>
					<cbc:ID schemeAgencyID="320" schemeID="urn:oioubl:id:taxschemeid-1.1">63</cbc:ID>
					<cbc:Name>Moms</cbc:Name>
				</cac:TaxScheme>
			</cac:TaxCategory>
		</cac:TaxSubtotal>
	</cac:TaxTotal>
	<cac:LegalMonetaryTotal>
		<cbc:LineExtensionAmount currencyID="DKK">5000.00</cbc:LineExtensionAmount>
		<cbc:TaxExclusiveAmount currencyID="DKK">1250.00</cbc:TaxExclusiveAmount>
		<cbc:TaxInclusiveAmount currencyID="DKK">6250.00</cbc:TaxInclusiveAmount>
		<cbc:PayableAmount currencyID="DKK">6250.00</cbc:PayableAmount>
	</cac:LegalMonetaryTotal>
	<cac:OrderLine>
		<cac:LineItem>
			<cbc:ID>1</cbc:ID>
			<cbc:Quantity unitCode="EA">1000.00</cbc:Quantity>
			<cbc:LineExtensionAmount currencyID="DKK">5000.00</cbc:LineExtensionAmount>
			<cac:Price>
				<cbc:PriceAmount currencyID="DKK">5.00</cbc:PriceAmount>
				<cbc:BaseQuantity unitCode="EA">1</cbc:BaseQuantity>
				<cbc:OrderableUnitFactorRate>1</cbc:OrderableUnitFactorRate>
			</cac:Price>
			<cac:Item>
				<cbc:Description>Superble</cbc:Description>
				<cbc:Name>Superble</cbc:Name>
				<cac:SellersItemIdentification>
					<cbc:ID schemeAgencyID="9" schemeID="GTIN">5712345780121</cbc:ID>
				</cac:SellersItemIdentification>
			</cac:Item>
		</cac:LineItem>
	</cac:OrderLine>
</OrderResponse>
