﻿<?xml version="1.0" encoding="UTF-8"?>
<CatalogueDeletion xmlns="urn:oasis:names:specification:ubl:schema:xsd:CatalogueDeletion-2" xmlns:cac="urn:oasis:names:specification:ubl:schema:xsd:CommonAggregateComponents-2" xmlns:cbc="urn:oasis:names:specification:ubl:schema:xsd:CommonBasicComponents-2" xmlns:ccts="urn:oasis:names:specification:ubl:schema:xsd:CoreComponentParameters-2" xmlns:sdt="urn:oasis:names:specification:ubl:schema:xsd:SpecializedDatatypes-2" xmlns:udt="urn:un:unece:uncefact:data:specification:UnqualifiedDataTypesSchemaModule:2" xmlns:xsi="http://www.w3.org/2001/XMLSchema-instance" xsi:schemaLocation="urn:oasis:names:specification:ubl:schema:xsd:CatalogueDeletion-2 UBL-CatalogueDeletion-2.0.xsd">

<!--
******************************************************************************************************************

		OIOUBL Instance Documentation	

		title= CATEXE_06_06_00_CatalogueDeletion_v2p2.xml	
		replaces= CATEXE_06_06_00_CatalogueDeletion_v2p1.xml	
		publisher= "IT og Telestyrelsen"
		Creator= "Charlotte Dahl Skovhus"
		created= 2006-09-08
		modified= 2007-03-26
		issued= 2007-03-26
		conformsTo= OIOUBL_ScenarioPackage_CATEXE
		description= "This document is produced as part of the OIOUBL Catalogue Exchange scenario package"
		rights= "It can be used following the Common Creative Licence"
		
		all terms derived from http://dublincore.org/documents/dcmi-terms/

		For more information, see www.oioubl.dk	or email oioubl@itst.dk
		
******************************************************************************************************************
-->
<!-- The following TestInstance process instruction is for customization usage. It indicates that the instance is for testing purposes -->
<?TestInstance ResponseTo="smtp:test@company.dk"
	description= "apply your comment here"
?>

	<cbc:UBLVersionID>2.0</cbc:UBLVersionID>
	<cbc:CustomizationID>OIOUBL-2.02</cbc:CustomizationID>
	<cbc:ProfileID schemeAgencyID="320" schemeID="urn:oioubl:id:profileid-1.2">Catalogue-CatAdv-1.0</cbc:ProfileID>
	<cbc:ID>CAT-EX-2_DELETE</cbc:ID>
	<cbc:Name>Paper</cbc:Name>
	<cbc:IssueDate>2006-05-15</cbc:IssueDate>
	<cbc:IssueTime>12:00:00</cbc:IssueTime>
	<cbc:VersionID>1.5</cbc:VersionID>
	<cac:DeletedCatalogueReference>
		<cbc:ID>CAT-EX-2</cbc:ID>
		<cbc:UUID>9756b4d0-8815-1029-857a-e388fe63f399</cbc:UUID>
	</cac:DeletedCatalogueReference>
	<cac:ReceiverParty>
		<cbc:EndpointID schemeID="DK:CVR">DK98879887</cbc:EndpointID>
		<cac:PartyIdentification>
			<cbc:ID schemeID="DK:CVR">DK98879887</cbc:ID>
		</cac:PartyIdentification>
		<cac:PartyName>
			<cbc:Name>KatalogAdm ApS</cbc:Name>
		</cac:PartyName>
		<cac:PostalAddress>
			<cbc:AddressFormatCode listAgencyID="320" listID="urn:oioubl:codelist:addressformatcode-1.1">StructuredDK</cbc:AddressFormatCode>
			<cbc:StreetName>Bredgade</cbc:StreetName>
			<cbc:BuildingNumber>2</cbc:BuildingNumber>
			<cbc:CityName>Helsingør</cbc:CityName>
			<cbc:PostalZone>3000</cbc:PostalZone>
			<cac:Country>
				<cbc:IdentificationCode>DK</cbc:IdentificationCode>
			</cac:Country>
		</cac:PostalAddress>
		<cac:PartyLegalEntity>
			<cbc:RegistrationName>KatalogAdm ApS</cbc:RegistrationName>
			<cbc:CompanyID schemeID="DK:CVR">DK98879887</cbc:CompanyID>
		</cac:PartyLegalEntity>
		<cac:Contact>
			<cbc:ID>7913</cbc:ID>
			<cbc:Name>Poul Poulsen</cbc:Name>
			<cbc:Telephone>26435467</cbc:Telephone>
			<cbc:ElectronicMail>info@katadm.dk</cbc:ElectronicMail>
		</cac:Contact>
		<cac:Person>
			<cbc:FirstName>Poul</cbc:FirstName>
			<cbc:FamilyName>Poulsen</cbc:FamilyName>
			<cbc:JobTitle>katalogmanager</cbc:JobTitle>
		</cac:Person>
	</cac:ReceiverParty>
	<cac:ProviderParty>
		<cbc:EndpointID schemeID="DK:CVR">DK87493746</cbc:EndpointID>
		<cac:PartyIdentification>
			<cbc:ID schemeID="DK:CVR">DK87493746</cbc:ID>
		</cac:PartyIdentification>
		<cac:PartyName>
			<cbc:Name>Papirhuset A/S</cbc:Name>
		</cac:PartyName>
		<cac:PostalAddress>
			<cbc:AddressFormatCode listAgencyID="320" listID="urn:oioubl:codelist:addressformatcode-1.1">StructuredDK</cbc:AddressFormatCode>
			<cbc:StreetName>Papirstræde</cbc:StreetName>
			<cbc:BuildingNumber>9</cbc:BuildingNumber>
			<cbc:CityName>København K</cbc:CityName>
			<cbc:PostalZone>1171</cbc:PostalZone>
			<cac:Country>
				<cbc:IdentificationCode>DK</cbc:IdentificationCode>
			</cac:Country>
		</cac:PostalAddress>
		<cac:PartyLegalEntity>
			<cbc:RegistrationName>Papirhuset A/S</cbc:RegistrationName>
			<cbc:CompanyID schemeID="DK:CVR">DK87493746</cbc:CompanyID>
		</cac:PartyLegalEntity>
		<cac:Contact>
			<cbc:ID>9000009876</cbc:ID>
			<cbc:Name>Salgsafdelingen</cbc:Name>
			<cbc:Telephone>26908978</cbc:Telephone>
			<cbc:ElectronicMail>katalog@papirhuset.dk</cbc:ElectronicMail>
		</cac:Contact>
		<cac:Person>
			<cbc:FirstName>Lene</cbc:FirstName>
			<cbc:FamilyName>Olsen</cbc:FamilyName>
			<cbc:JobTitle>katalogmanager</cbc:JobTitle>
			<cbc:OrganizationDepartment>Salgsafdelingen</cbc:OrganizationDepartment>
		</cac:Person>
	</cac:ProviderParty>
</CatalogueDeletion>
