﻿<?xml version="1.0" encoding="UTF-8"?>
<OrderResponseSimple xmlns="urn:oasis:names:specification:ubl:schema:xsd:OrderResponseSimple-2" xmlns:cac="urn:oasis:names:specification:ubl:schema:xsd:CommonAggregateComponents-2" xmlns:cbc="urn:oasis:names:specification:ubl:schema:xsd:CommonBasicComponents-2" xmlns:ccts="urn:oasis:names:specification:ubl:schema:xsd:CoreComponentParameters-2" xmlns:sdt="urn:oasis:names:specification:ubl:schema:xsd:SpecializedDatatypes-2" xmlns:udt="urn:un:unece:uncefact:data:specification:UnqualifiedDataTypesSchemaModule:2" xmlns:xsi="http://www.w3.org/2001/XMLSchema-instance" xsi:schemaLocation="urn:oasis:names:specification:ubl:schema:xsd:OrderResponseSimple-2 UBL-OrderResponseSimple-2.0.xsd">

<!--
******************************************************************************************************************

		OIOUBL Instance Documentation	

		title= COMDEL_04_02_04_OrderResponseSimple_v2p2.xml	
		replaces= COMDEL_04_02_04_OrderResponseSimple_v2p1.xml	
		publisher= "IT og Telestyrelsen"
		Creator= "Finn Christensen"
		created= 2006-09-08
		modified= 2007-03-26
		issued= 2007-03-26
		conformsTo= OIOUBL_ScenarioPackage_COMDEL
		description= "This document is produced as part of the OIOUBL Complex delivery procurement scenario package"
		rights= "It can be used following the Common Creative Licence"
		
		all terms derived from http://dublincore.org/documents/dcmi-terms/

		For more information, see www.oioubl.dk	or email oioubl@itst.dk
		
******************************************************************************************************************
-->
<!-- The following TestInstance process instruction is for customization usage. It indicates that the instance is for testing purposes -->
<?TestInstance 
	ResponseTo="smtp:test@company.dk"
	description= "apply your comment here"
?>

	<cbc:UBLVersionID>2.0</cbc:UBLVersionID>
	<cbc:CustomizationID>OIOUBL-2.02</cbc:CustomizationID>
	<cbc:ProfileID schemeAgencyID="320" schemeID="urn:oioubl:id:profileid-1.2">Procurement-OrdSimR-BilSim-1.0</cbc:ProfileID>
	<cbc:ID>65830</cbc:ID>
	<cbc:CopyIndicator>false</cbc:CopyIndicator>
	<cbc:UUID>9756b4ac-8815-1029-857a-e388fe63f399</cbc:UUID>
	<cbc:IssueDate>2005-12-20</cbc:IssueDate>
	<cbc:AcceptedIndicator>true</cbc:AcceptedIndicator>
	<cac:OrderReference>
		<cbc:ID>5002701</cbc:ID>
		<cbc:UUID>9756b468-8815-1029-857a-e388fe63f399</cbc:UUID>
		<cbc:IssueDate>2005-12-20</cbc:IssueDate>
	</cac:OrderReference>
	<cac:SellerSupplierParty>
		<cac:Party>
			<cbc:EndpointID schemeAgencyID="9" schemeID="GLN">5798003041308</cbc:EndpointID>
			<cac:PartyIdentification>
				<cbc:ID schemeAgencyID="9" schemeID="GLN">5798003041308</cbc:ID>
			</cac:PartyIdentification>
			<cac:PartyName>
				<cbc:Name>Revacenter BOMI</cbc:Name>
			</cac:PartyName>
			<cac:PostalAddress>
				<cbc:AddressFormatCode listAgencyID="320" listID="urn:oioubl:codelist:addressformatcode-1.1">StructuredDK</cbc:AddressFormatCode>
				<cbc:StreetName>Viborgvej</cbc:StreetName>
				<cbc:BuildingNumber>7</cbc:BuildingNumber>
				<cbc:CityName>Skive</cbc:CityName>
				<cbc:PostalZone>7800</cbc:PostalZone>
				<cac:Country>
					<cbc:IdentificationCode>DK</cbc:IdentificationCode>
				</cac:Country>
			</cac:PostalAddress>
			<cac:PartyLegalEntity>
				<cbc:RegistrationName>Revacenter BOMI</cbc:RegistrationName>
				<cbc:CompanyID schemeID="DK:CVR">DK16356706</cbc:CompanyID>
			</cac:PartyLegalEntity>
			<cac:Contact>
				<cbc:ID>23456</cbc:ID>
				<cbc:Name>Bodil Skarv</cbc:Name>
				<cbc:Telephone>98056689</cbc:Telephone>
				<cbc:ElectronicMail>bs@reva-bomi.dk</cbc:ElectronicMail>
			</cac:Contact>
		</cac:Party>
	</cac:SellerSupplierParty>
	<cac:BuyerCustomerParty>
		<cac:Party>
			<cbc:EndpointID schemeID="DK:CVR">DK88666553</cbc:EndpointID>
			<cac:PartyIdentification>
				<cbc:ID schemeID="DK:CVR">DK88666553</cbc:ID>
			</cac:PartyIdentification>
			<cac:PartyName>
				<cbc:Name>Falck Hjælpemidler A/S</cbc:Name>
			</cac:PartyName>
			<cac:PostalAddress>
				<cbc:AddressFormatCode listAgencyID="320" listID="urn:oioubl:codelist:addressformatcode-1.1">StructuredDK</cbc:AddressFormatCode>
				<cbc:StreetName>Grydevang</cbc:StreetName>
				<cbc:BuildingNumber>2D</cbc:BuildingNumber>
				<cbc:CityName>Allerød</cbc:CityName>
				<cbc:PostalZone>3450</cbc:PostalZone>
				<cac:Country>
					<cbc:IdentificationCode>DK</cbc:IdentificationCode>
				</cac:Country>
			</cac:PostalAddress>
			<cac:PartyLegalEntity>
				<cbc:RegistrationName>Falck Hjælpemidler A/S</cbc:RegistrationName>
				<cbc:CompanyID schemeID="DK:CVR">DK88666553</cbc:CompanyID>
			</cac:PartyLegalEntity>
			<cac:Contact>
				<cbc:ID>7778</cbc:ID>
				<cbc:Name>Diane Birk</cbc:Name>
				<cbc:Telephone>45900248</cbc:Telephone>
				<cbc:ElectronicMail>db@falck-hjaelpemidler.dk</cbc:ElectronicMail>
			</cac:Contact>
		</cac:Party>
	</cac:BuyerCustomerParty>
</OrderResponseSimple>
