﻿<?xml version="1.0" encoding="UTF-8"?>
<OrderResponseSimple xmlns="urn:oasis:names:specification:ubl:schema:xsd:OrderResponseSimple-2" xmlns:cac="urn:oasis:names:specification:ubl:schema:xsd:CommonAggregateComponents-2" xmlns:cbc="urn:oasis:names:specification:ubl:schema:xsd:CommonBasicComponents-2" xmlns:ccts="urn:oasis:names:specification:ubl:schema:xsd:CoreComponentParameters-2" xmlns:sdt="urn:oasis:names:specification:ubl:schema:xsd:SpecializedDatatypes-2" xmlns:udt="urn:un:unece:uncefact:data:specification:UnqualifiedDataTypesSchemaModule:2" xmlns:xsi="http://www.w3.org/2001/XMLSchema-instance" xsi:schemaLocation="urn:oasis:names:specification:ubl:schema:xsd:OrderResponseSimple-2 UBL-OrderResponseSimple-2.0.xsd">
	<cbc:UBLVersionID>2.0</cbc:UBLVersionID>
	<cbc:CustomizationID>OIOUBL-2.02</cbc:CustomizationID>
	<cbc:ProfileID schemeAgencyID="320" schemeID="urn:oioubl:id:profileid-1.2">Procurement-OrdSimR-BilSim-1.0</cbc:ProfileID>
	<cbc:ID>65830</cbc:ID>
	<cbc:CopyIndicator>false</cbc:CopyIndicator>
	<cbc:UUID>9756b4ac-8815-1029-857a-e388fe63f399</cbc:UUID>
	<cbc:IssueDate>2005-11-02</cbc:IssueDate>
  <cbc:IssueTime>12:00:00</cbc:IssueTime>
  <cbc:Note languageID ="da">Dansk note</cbc:Note>
  <cbc:Note languageID ="en">English note</cbc:Note>
	<cbc:AcceptedIndicator>false</cbc:AcceptedIndicator>
  <cbc:RejectionNote>Varen er ikke på lager.</cbc:RejectionNote>
	<cac:OrderReference>
		<cbc:ID>5002701</cbc:ID>
		<cbc:UUID>9756b468-8815-1029-857a-e388fe63f399</cbc:UUID>
		<cbc:IssueDate>2005-11-01</cbc:IssueDate>
	</cac:OrderReference>
  <cac:AdditionalDocumentReference>
    <cbc:ID>1</cbc:ID>
    <cbc:CopyIndicator>false</cbc:CopyIndicator>
    <cbc:UUID>9756b4d0-8815-1029-857a-e388fe63f399</cbc:UUID>
    <cbc:IssueDate>2005-12-15</cbc:IssueDate>
    <cbc:DocumentTypeCode listAgencyID="6" listID="UN/ECE 1001" >743</cbc:DocumentTypeCode>
    <cac:Attachment>
      <cac:ExternalReference>
        <cbc:URI>http://www.oioubl.info/guidelines/da/OIOUBL_GUIDE_DOKUMENTREF.pdf</cbc:URI>
        <cbc:DocumentHash>SC4LSYSAkKILp2rPW1ZVpOP1WK7g</cbc:DocumentHash>
        <cbc:ExpiryDate>2025-12-15</cbc:ExpiryDate>
        <cbc:ExpiryTime>12:00:00</cbc:ExpiryTime>
      </cac:ExternalReference>
    </cac:Attachment>
  </cac:AdditionalDocumentReference>
  <cac:Signature>
    <cbc:ID>123</cbc:ID>
    <cbc:Note>Signatur note</cbc:Note>
    <cbc:ValidationDate>2007-02-20</cbc:ValidationDate>
    <cbc:ValidationTime>12:00:00</cbc:ValidationTime>
    <cbc:ValidatorID>9000000001</cbc:ValidatorID>
    <cbc:CanonicalizationMethod>Metode 1</cbc:CanonicalizationMethod>
    <cbc:SignatureMethod>Metode 2</cbc:SignatureMethod>
    <cac:SignatoryParty>
      <cbc:EndpointID schemeID="DK:CVR">DK16356712</cbc:EndpointID>
      <cac:PartyIdentification>
        <cbc:ID schemeID="DK:CVR">DK12457812</cbc:ID>
      </cac:PartyIdentification>
      <cac:PartyName>
        <cbc:Name>Signatør A/S</cbc:Name>
      </cac:PartyName>
      <cac:PostalAddress>
        <cbc:AddressFormatCode listAgencyID="320" listID="urn:oioubl:codelist:addressformatcode-1.1">StructuredDK</cbc:AddressFormatCode>
        <cbc:StreetName>Signatørvej</cbc:StreetName>
        <cbc:BuildingNumber>11</cbc:BuildingNumber>
        <cbc:CityName>Dyssegård</cbc:CityName>
        <cbc:PostalZone>2870</cbc:PostalZone>
        <cac:Country>
          <cbc:IdentificationCode>DK</cbc:IdentificationCode>
        </cac:Country>
      </cac:PostalAddress>
      <cac:PhysicalLocation>
        <cbc:ID>456</cbc:ID>
        <cbc:Description>Text</cbc:Description>
        <cbc:Conditions>Text</cbc:Conditions>
        <cac:Address>
          <cbc:AddressFormatCode listAgencyID="320" listID="urn:oioubl:codelist:addressformatcode-1.1">StructuredDK</cbc:AddressFormatCode>
          <cbc:StreetName>Signatørvej</cbc:StreetName>
          <cbc:BuildingNumber>12</cbc:BuildingNumber>
          <cbc:CityName>Dyssegård</cbc:CityName>
          <cbc:PostalZone>2870</cbc:PostalZone>
          <cac:Country>
            <cbc:IdentificationCode>DK</cbc:IdentificationCode>
          </cac:Country>
        </cac:Address>
      </cac:PhysicalLocation>
      <cac:PartyTaxScheme>
        <cbc:RegistrationName>Signatør A/S</cbc:RegistrationName>
        <cbc:CompanyID schemeID="DK:SE">DK16356713</cbc:CompanyID>
        <cbc:ExemptionReasonCode>UndtagelsesKode</cbc:ExemptionReasonCode>
        <cbc:ExemptionReason>Undtagelse</cbc:ExemptionReason>
        <cac:RegistrationAddress>
          <cbc:AddressFormatCode listAgencyID="320" listID="urn:oioubl:codelist:addressformatcode-1.1">StructuredDK</cbc:AddressFormatCode>
          <cbc:StreetName>Signatørvej</cbc:StreetName>
          <cbc:BuildingNumber>12</cbc:BuildingNumber>
          <cbc:CityName>Dyssegård</cbc:CityName>
          <cbc:PostalZone>2870</cbc:PostalZone>
          <cac:Country>
            <cbc:IdentificationCode>DK</cbc:IdentificationCode>
          </cac:Country>
        </cac:RegistrationAddress>
        <cac:TaxScheme>
          <cbc:ID schemeAgencyID="320" schemeID="urn:oioubl:id:taxschemeid-1.1">63</cbc:ID>
          <cbc:Name>Moms</cbc:Name>
          <cbc:CurrencyCode>DKK</cbc:CurrencyCode>
        </cac:TaxScheme>
      </cac:PartyTaxScheme>
      <cac:PartyLegalEntity>
        <cbc:RegistrationName>Signatør A/S</cbc:RegistrationName>
        <cbc:CompanyID schemeID="DK:CVR">DK16356714</cbc:CompanyID>
        <cac:RegistrationAddress>
          <cbc:AddressFormatCode listAgencyID="320" listID="urn:oioubl:codelist:addressformatcode-1.1">StructuredDK</cbc:AddressFormatCode>
          <cbc:StreetName>Signatørvej</cbc:StreetName>
          <cbc:BuildingNumber>12</cbc:BuildingNumber>
          <cbc:CityName>Dyssegård</cbc:CityName>
          <cbc:PostalZone>2870</cbc:PostalZone>
          <cac:Country>
            <cbc:IdentificationCode>DK</cbc:IdentificationCode>
          </cac:Country>
        </cac:RegistrationAddress>
      </cac:PartyLegalEntity>
      <cac:Contact>
        <cbc:ID>9000000002</cbc:ID>
        <cbc:Name>Salgsafdelingen</cbc:Name>
        <cbc:Telephone>15812337</cbc:Telephone>
        <cbc:Telefax>15812330</cbc:Telefax>
        <cbc:ElectronicMail>salg@signatør.dk</cbc:ElectronicMail>
        <cbc:Note>tekst</cbc:Note>
        <cac:OtherCommunication>
          <cbc:Channel>Skype</cbc:Channel>
          <cbc:Value>signatør@signatør.dk</cbc:Value>
        </cac:OtherCommunication>
      </cac:Contact>
      <cac:Person>
        <cbc:FirstName>Søren</cbc:FirstName>
        <cbc:FamilyName>Jensen</cbc:FamilyName>
        <cbc:MiddleName>Back</cbc:MiddleName>
      </cac:Person>
    </cac:SignatoryParty>
  </cac:Signature>
	<cac:SellerSupplierParty>
    <cbc:CustomerAssignedAccountID>10001</cbc:CustomerAssignedAccountID>
    <cbc:AdditionalAccountID>11100</cbc:AdditionalAccountID>
    <cac:Party>
      <cbc:WebsiteURI>http://www.oioubl.info</cbc:WebsiteURI>
      <cbc:LogoReferenceID>http://www.oioubl.info/images/oio_logo_top.gif</cbc:LogoReferenceID>
      <cbc:EndpointID schemeID="DK:CVR">DK73624570</cbc:EndpointID>
      <cac:PartyIdentification>
        <cbc:ID schemeID="DK:CVR">DK73624570</cbc:ID>
      </cac:PartyIdentification>
      <cac:PartyName>
        <cbc:Name>Value Facturing A/S</cbc:Name>
      </cac:PartyName>
      <cac:Language>
        <cbc:ID>DK</cbc:ID>
        <cbc:Name>Danish</cbc:Name>
        <cbc:LocaleCode>850</cbc:LocaleCode>
      </cac:Language>
      <cac:PostalAddress>
        <cbc:AddressFormatCode listAgencyID="320" listID="urn:oioubl:codelist:addressformatcode-1.1">StructuredDK</cbc:AddressFormatCode>
        <cbc:StreetName>Bredgade</cbc:StreetName>
        <cbc:BuildingNumber>40</cbc:BuildingNumber>
        <cbc:CityName>København K</cbc:CityName>
        <cbc:PostalZone>1260</cbc:PostalZone>
        <cac:Country>
          <cbc:IdentificationCode>DK</cbc:IdentificationCode>
        </cac:Country>
      </cac:PostalAddress>
      <cac:PhysicalLocation>
        <cbc:ID>123</cbc:ID>
        <cbc:Description>Hovedkontor</cbc:Description>
        <cbc:Conditions>Henvendelse efter aftale</cbc:Conditions>
        <cbc:CountrySubentity>København K</cbc:CountrySubentity>
        <cbc:CountrySubentityCode>1260</cbc:CountrySubentityCode>
        <cac:ValidityPeriod>
          <cbc:StartDate>2006-04-30</cbc:StartDate>
          <cbc:StartTime>12:00:00</cbc:StartTime>
          <cbc:EndDate>2007-06-30</cbc:EndDate>
          <cbc:EndTime>12:00:00</cbc:EndTime>
          <cbc:Description>To måneder</cbc:Description>
        </cac:ValidityPeriod>
        <cac:Address>
          <cbc:AddressFormatCode listAgencyID="320" listID="urn:oioubl:codelist:addressformatcode-1.1">StructuredDK</cbc:AddressFormatCode>
          <cbc:StreetName>Bredgade</cbc:StreetName>
          <cbc:BuildingNumber>40</cbc:BuildingNumber>
          <cbc:CityName>København K</cbc:CityName>
          <cbc:PostalZone>1260</cbc:PostalZone>
          <cac:Country>
            <cbc:IdentificationCode>DK</cbc:IdentificationCode>
          </cac:Country>
        </cac:Address>
      </cac:PhysicalLocation>
      <cac:PartyLegalEntity>
        <cbc:CompanyID schemeID="DK:CVR">DK73624570</cbc:CompanyID>
      </cac:PartyLegalEntity>
      <cac:Contact>
        <cbc:ID>23456</cbc:ID>
        <cbc:Name>Hugo Jensen</cbc:Name>
        <cbc:Telephone>15812337</cbc:Telephone>
        <cbc:ElectronicMail>Hugo@tavl.dk</cbc:ElectronicMail>
      </cac:Contact>
      <cac:Person>
        <cbc:FamilyName>Sørensen</cbc:FamilyName>
        <cbc:MiddleName>Frederik</cbc:MiddleName>
        <cbc:NameSuffix>Hr.</cbc:NameSuffix>
        <cbc:JobTitle>Bogholder</cbc:JobTitle>
        <cbc:OrganizationDepartment>Regnskabet</cbc:OrganizationDepartment>
      </cac:Person>
    </cac:Party>
    <cac:DespatchContact>
      <cbc:ID>12</cbc:ID>
      <cbc:Name>Bente Bogholder</cbc:Name>
      <cbc:Telephone >12121212</cbc:Telephone>
      <cbc:Telefax>12121213</cbc:Telefax>
      <cbc:ElectronicMail>Bente@tavl.dk</cbc:ElectronicMail>
      <cbc:Note>Jeg har mange opgaver i dette firma.</cbc:Note>
      <cac:OtherCommunication>
        <cbc:ChannelCode listID ="vores:channelcode:liste - Defineret af os selv" listAgencyID ="ID - Defineret af os selv">SKYPE</cbc:ChannelCode>
        <cbc:Value >Bente@tavl.dk</cbc:Value>
      </cac:OtherCommunication>
    </cac:DespatchContact>
    <cac:AccountingContact>
      <cbc:ID>12</cbc:ID>
      <cbc:Name>Bente Bogholder</cbc:Name>
      <cbc:Telephone >12121212</cbc:Telephone>
      <cbc:Telefax>12121213</cbc:Telefax>
      <cbc:ElectronicMail>Bente@tavl.dk</cbc:ElectronicMail>
      <cbc:Note>Jeg har mange opgaver i dette firma.</cbc:Note>
      <cac:OtherCommunication>
        <cbc:ChannelCode listID ="vores:channelcode:liste - Defineret af os selv" listAgencyID ="ID - Defineret af os selv">SKYPE</cbc:ChannelCode>
        <cbc:Value >Bente@tavl.dk</cbc:Value>
      </cac:OtherCommunication>
    </cac:AccountingContact>
    <cac:SellerContact>
      <cbc:ID>12</cbc:ID>
      <cbc:Name>Bente Bogholder</cbc:Name>
      <cbc:Telephone >12121212</cbc:Telephone>
      <cbc:Telefax>12121213</cbc:Telefax>
      <cbc:ElectronicMail>Bente@tavl.dk</cbc:ElectronicMail>
      <cbc:Note>Jeg har mange opgaver i dette firma.</cbc:Note>
      <cac:OtherCommunication>
        <cbc:ChannelCode listID ="vores:channelcode:liste - Defineret af os selv" listAgencyID ="ID - Defineret af os selv">SKYPE</cbc:ChannelCode>
        <cbc:Value >Bente@tavl.dk</cbc:Value>
      </cac:OtherCommunication>
    </cac:SellerContact>
	</cac:SellerSupplierParty>
	<cac:BuyerCustomerParty>
    <cac:Party>
      <cbc:WebsiteURI>http://www.oioubl.info</cbc:WebsiteURI>
      <cbc:LogoReferenceID>http://www.oioubl.info/images/oio_logo_top.gif</cbc:LogoReferenceID>
      <cbc:EndpointID schemeID="DK:CVR">DK73624570</cbc:EndpointID>
      <cac:PartyIdentification>
        <cbc:ID schemeID="DK:CVR">DK73624570</cbc:ID>
      </cac:PartyIdentification>
      <cac:PartyName>
        <cbc:Name>Value Facturing A/S</cbc:Name>
      </cac:PartyName>
      <cac:Language>
        <cbc:ID>DK</cbc:ID>
        <cbc:Name>Danish</cbc:Name>
        <cbc:LocaleCode>850</cbc:LocaleCode>
      </cac:Language>
      <cac:PostalAddress>
        <cbc:AddressFormatCode listAgencyID="320" listID="urn:oioubl:codelist:addressformatcode-1.1">StructuredDK</cbc:AddressFormatCode>
        <cbc:StreetName>Bredgade</cbc:StreetName>
        <cbc:BuildingNumber>40</cbc:BuildingNumber>
        <cbc:CityName>København K</cbc:CityName>
        <cbc:PostalZone>1260</cbc:PostalZone>
        <cac:Country>
          <cbc:IdentificationCode>DK</cbc:IdentificationCode>
        </cac:Country>
      </cac:PostalAddress>
      <cac:PhysicalLocation>
        <cbc:ID>123</cbc:ID>
        <cbc:Description>Hovedkontor</cbc:Description>
        <cbc:Conditions>Henvendelse efter aftale</cbc:Conditions>
        <cbc:CountrySubentity>København K</cbc:CountrySubentity>
        <cbc:CountrySubentityCode>1260</cbc:CountrySubentityCode>
        <cac:ValidityPeriod>
          <cbc:StartDate>2006-04-30</cbc:StartDate>
          <cbc:StartTime>12:00:00</cbc:StartTime>
          <cbc:EndDate>2007-06-30</cbc:EndDate>
          <cbc:EndTime>12:00:00</cbc:EndTime>
          <cbc:Description>To måneder</cbc:Description>
        </cac:ValidityPeriod>
        <cac:Address>
          <cbc:AddressFormatCode listAgencyID="320" listID="urn:oioubl:codelist:addressformatcode-1.1">StructuredDK</cbc:AddressFormatCode>
          <cbc:StreetName>Bredgade</cbc:StreetName>
          <cbc:BuildingNumber>40</cbc:BuildingNumber>
          <cbc:CityName>København K</cbc:CityName>
          <cbc:PostalZone>1260</cbc:PostalZone>
          <cac:Country>
            <cbc:IdentificationCode>DK</cbc:IdentificationCode>
          </cac:Country>
        </cac:Address>
      </cac:PhysicalLocation>
      <cac:PartyLegalEntity>
        <cbc:CompanyID schemeID="DK:CVR">DK73624570</cbc:CompanyID>
      </cac:PartyLegalEntity>
      <cac:Contact>
        <cbc:ID>23456</cbc:ID>
        <cbc:Name>Hugo Jensen</cbc:Name>
        <cbc:Telephone>15812337</cbc:Telephone>
        <cbc:ElectronicMail>Hugo@tavl.dk</cbc:ElectronicMail>
      </cac:Contact>
      <cac:Person>
        <cbc:FamilyName>Sørensen</cbc:FamilyName>
        <cbc:MiddleName>Frederik</cbc:MiddleName>
        <cbc:NameSuffix>Hr.</cbc:NameSuffix>
        <cbc:JobTitle>Bogholder</cbc:JobTitle>
        <cbc:OrganizationDepartment>Regnskabet</cbc:OrganizationDepartment>
      </cac:Person>
    </cac:Party>
    <cac:DeliveryContact>
      <cbc:ID>13</cbc:ID>
      <cbc:Name>Sally Seller</cbc:Name>
      <cbc:Telephone >12121212</cbc:Telephone>
      <cbc:Telefax>12121213</cbc:Telefax>
      <cbc:ElectronicMail>Sally@seller.dk</cbc:ElectronicMail>
      <cbc:Note>Jeg har mange opgaver i dette firma.</cbc:Note>
      <cac:OtherCommunication>
        <cbc:ChannelCode listID ="vores:channelcode:liste - Defineret af os selv" listAgencyID ="ID - Defineret af os selv">SKYPE</cbc:ChannelCode>
        <cbc:Value >Sally@seller.dk</cbc:Value>
      </cac:OtherCommunication>
    </cac:DeliveryContact>
    <cac:AccountingContact>     
        <cbc:ID>13</cbc:ID>
        <cbc:Name>Inger Buyer</cbc:Name>
        <cbc:Telephone >12121212</cbc:Telephone>
        <cbc:Telefax>12121213</cbc:Telefax>
        <cbc:ElectronicMail>Inger@buyer.dk</cbc:ElectronicMail>
        <cbc:Note>Jeg har mange opgaver i dette firma.</cbc:Note>
        <cac:OtherCommunication>
          <cbc:ChannelCode listID ="vores:channelcode:liste - Defineret af os selv" listAgencyID ="ID - Defineret af os selv">SKYPE</cbc:ChannelCode>
          <cbc:Value >Inger@buyer.dk</cbc:Value>
        </cac:OtherCommunication>      
    </cac:AccountingContact>    
    <cac:BuyerContact>    
      <cbc:ID>13</cbc:ID>
      <cbc:Name>Inger Buyer</cbc:Name>
      <cbc:Telephone >12121212</cbc:Telephone>
      <cbc:Telefax>12121213</cbc:Telefax>
      <cbc:ElectronicMail>Inger@buyer.dk</cbc:ElectronicMail>
      <cbc:Note>Jeg har mange opgaver i dette firma.</cbc:Note>
      <cac:OtherCommunication>
        <cbc:ChannelCode listID ="vores:channelcode:liste - Defineret af os selv" listAgencyID ="ID - Defineret af os selv">SKYPE</cbc:ChannelCode>
        <cbc:Value >Inger@buyer.dk</cbc:Value>
      </cac:OtherCommunication>
    </cac:BuyerContact>       
	</cac:BuyerCustomerParty>  
  <cac:OriginatorCustomerParty>
    <cbc:CustomerAssignedAccountID>10001</cbc:CustomerAssignedAccountID>
    <cbc:AdditionalAccountID>11100</cbc:AdditionalAccountID>
    <cac:Party>
      <cbc:WebsiteURI>http://www.oioubl.info</cbc:WebsiteURI>
      <cbc:LogoReferenceID>http://www.oioubl.info/images/oio_logo_top.gif</cbc:LogoReferenceID>
      <cbc:EndpointID schemeID="DK:CVR">DK73624570</cbc:EndpointID>
      <cac:PartyIdentification>
        <cbc:ID schemeID="DK:CVR">DK73624570</cbc:ID>
      </cac:PartyIdentification>
      <cac:PartyName>
        <cbc:Name>Value Facturing A/S</cbc:Name>
      </cac:PartyName>
      <cac:Language>
        <cbc:ID>DK</cbc:ID>
        <cbc:Name>Danish</cbc:Name>
        <cbc:LocaleCode>850</cbc:LocaleCode>
      </cac:Language>
      <cac:PostalAddress>
        <cbc:AddressFormatCode listAgencyID="320" listID="urn:oioubl:codelist:addressformatcode-1.1">StructuredDK</cbc:AddressFormatCode>
        <cbc:StreetName>Bredgade</cbc:StreetName>
        <cbc:BuildingNumber>40</cbc:BuildingNumber>
        <cbc:CityName>København K</cbc:CityName>
        <cbc:PostalZone>1260</cbc:PostalZone>
        <cac:Country>
          <cbc:IdentificationCode>DK</cbc:IdentificationCode>
        </cac:Country>
      </cac:PostalAddress>
      <cac:PhysicalLocation>
        <cbc:ID>123</cbc:ID>
        <cbc:Description>Hovedkontor</cbc:Description>
        <cbc:Conditions>Henvendelse efter aftale</cbc:Conditions>
        <cbc:CountrySubentity>København K</cbc:CountrySubentity>
        <cbc:CountrySubentityCode>1260</cbc:CountrySubentityCode>
        <cac:ValidityPeriod>
          <cbc:StartDate>2006-04-30</cbc:StartDate>
          <cbc:StartTime>12:00:00</cbc:StartTime>
          <cbc:EndDate>2007-06-30</cbc:EndDate>
          <cbc:EndTime>12:00:00</cbc:EndTime>
          <cbc:Description>To måneder</cbc:Description>
        </cac:ValidityPeriod>
        <cac:Address>
          <cbc:AddressFormatCode listAgencyID="320" listID="urn:oioubl:codelist:addressformatcode-1.1">StructuredDK</cbc:AddressFormatCode>
          <cbc:StreetName>Bredgade</cbc:StreetName>
          <cbc:BuildingNumber>40</cbc:BuildingNumber>
          <cbc:CityName>København K</cbc:CityName>
          <cbc:PostalZone>1260</cbc:PostalZone>
          <cac:Country>
            <cbc:IdentificationCode>DK</cbc:IdentificationCode>
          </cac:Country>
        </cac:Address>
      </cac:PhysicalLocation>
      <cac:PartyLegalEntity>
        <cbc:CompanyID schemeID="DK:CVR">DK73624570</cbc:CompanyID>
      </cac:PartyLegalEntity>
      <cac:Contact>
        <cbc:ID>23456</cbc:ID>
        <cbc:Name>Hugo Jensen</cbc:Name>
        <cbc:Telephone>15812337</cbc:Telephone>
        <cbc:ElectronicMail>Hugo@tavl.dk</cbc:ElectronicMail>
      </cac:Contact>
      <cac:Person>
        <cbc:FamilyName>Sørensen</cbc:FamilyName>
        <cbc:MiddleName>Frederik</cbc:MiddleName>
        <cbc:NameSuffix>Hr.</cbc:NameSuffix>
        <cbc:JobTitle>Bogholder</cbc:JobTitle>
        <cbc:OrganizationDepartment>Regnskabet</cbc:OrganizationDepartment>
      </cac:Person>
    </cac:Party>
    <cac:DeliveryContact>
      <cbc:ID>13</cbc:ID>
      <cbc:Name>Sally Seller</cbc:Name>
      <cbc:Telephone >12121212</cbc:Telephone>
      <cbc:Telefax>12121213</cbc:Telefax>
      <cbc:ElectronicMail>Sally@seller.dk</cbc:ElectronicMail>
      <cbc:Note>Jeg har mange opgaver i dette firma.</cbc:Note>
      <cac:OtherCommunication>
        <cbc:ChannelCode listID ="vores:channelcode:liste - Defineret af os selv" listAgencyID ="ID - Defineret af os selv">SKYPE</cbc:ChannelCode>
        <cbc:Value >Sally@seller.dk</cbc:Value>
      </cac:OtherCommunication>
    </cac:DeliveryContact>
    <cac:AccountingContact>
      <cbc:ID>13</cbc:ID>
      <cbc:Name>Inger Buyer</cbc:Name>
      <cbc:Telephone >12121212</cbc:Telephone>
      <cbc:Telefax>12121213</cbc:Telefax>
      <cbc:ElectronicMail>Inger@buyer.dk</cbc:ElectronicMail>
      <cbc:Note>Jeg har mange opgaver i dette firma.</cbc:Note>
      <cac:OtherCommunication>
        <cbc:ChannelCode listID ="vores:channelcode:liste - Defineret af os selv" listAgencyID ="ID - Defineret af os selv">SKYPE</cbc:ChannelCode>
        <cbc:Value >Inger@buyer.dk</cbc:Value>
      </cac:OtherCommunication>
    </cac:AccountingContact>
    <cac:BuyerContact>
      <cbc:ID>13</cbc:ID>
      <cbc:Name>Inger Buyer</cbc:Name>
      <cbc:Telephone >12121212</cbc:Telephone>
      <cbc:Telefax>12121213</cbc:Telefax>
      <cbc:ElectronicMail>Inger@buyer.dk</cbc:ElectronicMail>
      <cbc:Note>Jeg har mange opgaver i dette firma.</cbc:Note>
      <cac:OtherCommunication>
        <cbc:ChannelCode listID ="vores:channelcode:liste - Defineret af os selv" listAgencyID ="ID - Defineret af os selv">SKYPE</cbc:ChannelCode>
        <cbc:Value >Inger@buyer.dk</cbc:Value>
      </cac:OtherCommunication>
    </cac:BuyerContact>
  </cac:OriginatorCustomerParty>
  <cac:AccountingSupplierParty>
    <cbc:CustomerAssignedAccountID>10001</cbc:CustomerAssignedAccountID>
    <cbc:AdditionalAccountID>11100</cbc:AdditionalAccountID>
    <cac:Party>
      <cbc:WebsiteURI>http://www.oioubl.info</cbc:WebsiteURI>
      <cbc:LogoReferenceID>http://www.oioubl.info/images/oio_logo_top.gif</cbc:LogoReferenceID>
      <cbc:EndpointID schemeID="DK:CVR">DK73624570</cbc:EndpointID>
      <cac:PartyIdentification>
        <cbc:ID schemeID="DK:CVR">DK73624570</cbc:ID>
      </cac:PartyIdentification>
      <cac:PartyName>
        <cbc:Name>Value Facturing A/S</cbc:Name>
      </cac:PartyName>
      <cac:Language>
        <cbc:ID>DK</cbc:ID>
        <cbc:Name>Danish</cbc:Name>
        <cbc:LocaleCode>850</cbc:LocaleCode>
      </cac:Language>
      <cac:PostalAddress>
        <cbc:AddressFormatCode listAgencyID="320" listID="urn:oioubl:codelist:addressformatcode-1.1">StructuredDK</cbc:AddressFormatCode>
        <cbc:StreetName>Bredgade</cbc:StreetName>
        <cbc:BuildingNumber>40</cbc:BuildingNumber>
        <cbc:CityName>København K</cbc:CityName>
        <cbc:PostalZone>1260</cbc:PostalZone>
        <cac:Country>
          <cbc:IdentificationCode>DK</cbc:IdentificationCode>
        </cac:Country>
      </cac:PostalAddress>
      <cac:PhysicalLocation>
        <cbc:ID>123</cbc:ID>
        <cbc:Description>Hovedkontor</cbc:Description>
        <cbc:Conditions>Henvendelse efter aftale</cbc:Conditions>
        <cbc:CountrySubentity>København K</cbc:CountrySubentity>
        <cbc:CountrySubentityCode>1260</cbc:CountrySubentityCode>
        <cac:ValidityPeriod>
          <cbc:StartDate>2006-04-30</cbc:StartDate>
          <cbc:StartTime>12:00:00</cbc:StartTime>
          <cbc:EndDate>2007-06-30</cbc:EndDate>
          <cbc:EndTime>12:00:00</cbc:EndTime>
          <cbc:Description>To måneder</cbc:Description>
        </cac:ValidityPeriod>
        <cac:Address>
          <cbc:AddressFormatCode listAgencyID="320" listID="urn:oioubl:codelist:addressformatcode-1.1">StructuredDK</cbc:AddressFormatCode>
          <cbc:StreetName>Bredgade</cbc:StreetName>
          <cbc:BuildingNumber>40</cbc:BuildingNumber>
          <cbc:CityName>København K</cbc:CityName>
          <cbc:PostalZone>1260</cbc:PostalZone>
          <cac:Country>
            <cbc:IdentificationCode>DK</cbc:IdentificationCode>
          </cac:Country>
        </cac:Address>
      </cac:PhysicalLocation>
      <cac:PartyLegalEntity>
        <cbc:CompanyID schemeID="DK:CVR">DK73624570</cbc:CompanyID>
      </cac:PartyLegalEntity>
      <cac:Contact>
        <cbc:ID>23456</cbc:ID>
        <cbc:Name>Hugo Jensen</cbc:Name>
        <cbc:Telephone>15812337</cbc:Telephone>
        <cbc:ElectronicMail>Hugo@tavl.dk</cbc:ElectronicMail>
      </cac:Contact>
      <cac:Person>
        <cbc:FamilyName>Sørensen</cbc:FamilyName>
        <cbc:MiddleName>Frederik</cbc:MiddleName>
        <cbc:NameSuffix>Hr.</cbc:NameSuffix>
        <cbc:JobTitle>Bogholder</cbc:JobTitle>
        <cbc:OrganizationDepartment>Regnskabet</cbc:OrganizationDepartment>
      </cac:Person>
    </cac:Party>
    <cac:DespatchContact>
      <cbc:ID>13</cbc:ID>
      <cbc:Name>Sally Seller</cbc:Name>
      <cbc:Telephone >12121212</cbc:Telephone>
      <cbc:Telefax>12121213</cbc:Telefax>
      <cbc:ElectronicMail>Sally@seller.dk</cbc:ElectronicMail>
      <cbc:Note>Jeg har mange opgaver i dette firma.</cbc:Note>
      <cac:OtherCommunication>
        <cbc:ChannelCode listID ="vores:channelcode:liste - Defineret af os selv" listAgencyID ="ID - Defineret af os selv">SKYPE</cbc:ChannelCode>
        <cbc:Value >Sally@seller.dk</cbc:Value>
      </cac:OtherCommunication>
    </cac:DespatchContact>
    <cac:AccountingContact>
      <cbc:ID>13</cbc:ID>
      <cbc:Name>Inger Buyer</cbc:Name>
      <cbc:Telephone >12121212</cbc:Telephone>
      <cbc:Telefax>12121213</cbc:Telefax>
      <cbc:ElectronicMail>Inger@buyer.dk</cbc:ElectronicMail>
      <cbc:Note>Jeg har mange opgaver i dette firma.</cbc:Note>
      <cac:OtherCommunication>
        <cbc:ChannelCode listID ="vores:channelcode:liste - Defineret af os selv" listAgencyID ="ID - Defineret af os selv">SKYPE</cbc:ChannelCode>
        <cbc:Value >Inger@buyer.dk</cbc:Value>
      </cac:OtherCommunication>
    </cac:AccountingContact>
    <cac:SellerContact>
      <cbc:ID>13</cbc:ID>
      <cbc:Name>Inger Buyer</cbc:Name>
      <cbc:Telephone >12121212</cbc:Telephone>
      <cbc:Telefax>12121213</cbc:Telefax>
      <cbc:ElectronicMail>Inger@buyer.dk</cbc:ElectronicMail>
      <cbc:Note>Jeg har mange opgaver i dette firma.</cbc:Note>
      <cac:OtherCommunication>
        <cbc:ChannelCode listID ="vores:channelcode:liste - Defineret af os selv" listAgencyID ="ID - Defineret af os selv">SKYPE</cbc:ChannelCode>
        <cbc:Value >Inger@buyer.dk</cbc:Value>
      </cac:OtherCommunication>
    </cac:SellerContact>
  </cac:AccountingSupplierParty>
  <cac:AccountingCustomerParty>
    <cbc:CustomerAssignedAccountID>10001</cbc:CustomerAssignedAccountID>
    <cbc:AdditionalAccountID>11100</cbc:AdditionalAccountID>
    <cac:Party>
      <cbc:WebsiteURI>http://www.oioubl.info</cbc:WebsiteURI>
      <cbc:LogoReferenceID>http://www.oioubl.info/images/oio_logo_top.gif</cbc:LogoReferenceID>
      <cbc:EndpointID schemeID="DK:CVR">DK73624570</cbc:EndpointID>
      <cac:PartyIdentification>
        <cbc:ID schemeID="DK:CVR">DK73624570</cbc:ID>
      </cac:PartyIdentification>
      <cac:PartyName>
        <cbc:Name>Value Facturing A/S</cbc:Name>
      </cac:PartyName>
      <cac:Language>
        <cbc:ID>DK</cbc:ID>
        <cbc:Name>Danish</cbc:Name>
        <cbc:LocaleCode>850</cbc:LocaleCode>
      </cac:Language>
      <cac:PostalAddress>
        <cbc:AddressFormatCode listAgencyID="320" listID="urn:oioubl:codelist:addressformatcode-1.1">StructuredDK</cbc:AddressFormatCode>
        <cbc:StreetName>Bredgade</cbc:StreetName>
        <cbc:BuildingNumber>40</cbc:BuildingNumber>
        <cbc:CityName>København K</cbc:CityName>
        <cbc:PostalZone>1260</cbc:PostalZone>
        <cac:Country>
          <cbc:IdentificationCode>DK</cbc:IdentificationCode>
        </cac:Country>
      </cac:PostalAddress>
      <cac:PhysicalLocation>
        <cbc:ID>123</cbc:ID>
        <cbc:Description>Hovedkontor</cbc:Description>
        <cbc:Conditions>Henvendelse efter aftale</cbc:Conditions>
        <cbc:CountrySubentity>København K</cbc:CountrySubentity>
        <cbc:CountrySubentityCode>1260</cbc:CountrySubentityCode>
        <cac:ValidityPeriod>
          <cbc:StartDate>2006-04-30</cbc:StartDate>
          <cbc:StartTime>12:00:00</cbc:StartTime>
          <cbc:EndDate>2007-06-30</cbc:EndDate>
          <cbc:EndTime>12:00:00</cbc:EndTime>
          <cbc:Description>To måneder</cbc:Description>
        </cac:ValidityPeriod>
        <cac:Address>
          <cbc:AddressFormatCode listAgencyID="320" listID="urn:oioubl:codelist:addressformatcode-1.1">StructuredDK</cbc:AddressFormatCode>
          <cbc:StreetName>Bredgade</cbc:StreetName>
          <cbc:BuildingNumber>40</cbc:BuildingNumber>
          <cbc:CityName>København K</cbc:CityName>
          <cbc:PostalZone>1260</cbc:PostalZone>
          <cac:Country>
            <cbc:IdentificationCode>DK</cbc:IdentificationCode>
          </cac:Country>
        </cac:Address>
      </cac:PhysicalLocation>
      <cac:PartyLegalEntity>
        <cbc:CompanyID schemeID="DK:CVR">DK73624570</cbc:CompanyID>
      </cac:PartyLegalEntity>
      <cac:Contact>
        <cbc:ID>23456</cbc:ID>
        <cbc:Name>Hugo Jensen</cbc:Name>
        <cbc:Telephone>15812337</cbc:Telephone>
        <cbc:ElectronicMail>Hugo@tavl.dk</cbc:ElectronicMail>
      </cac:Contact>
      <cac:Person>
        <cbc:FamilyName>Sørensen</cbc:FamilyName>
        <cbc:MiddleName>Frederik</cbc:MiddleName>
        <cbc:NameSuffix>Hr.</cbc:NameSuffix>
        <cbc:JobTitle>Bogholder</cbc:JobTitle>
        <cbc:OrganizationDepartment>Regnskabet</cbc:OrganizationDepartment>
      </cac:Person>
    </cac:Party>
    <cac:DeliveryContact>
      <cbc:ID>13</cbc:ID>
      <cbc:Name>Sally Seller</cbc:Name>
      <cbc:Telephone >12121212</cbc:Telephone>
      <cbc:Telefax>12121213</cbc:Telefax>
      <cbc:ElectronicMail>Sally@seller.dk</cbc:ElectronicMail>
      <cbc:Note>Jeg har mange opgaver i dette firma.</cbc:Note>
      <cac:OtherCommunication>
        <cbc:ChannelCode listID ="vores:channelcode:liste - Defineret af os selv" listAgencyID ="ID - Defineret af os selv">SKYPE</cbc:ChannelCode>
        <cbc:Value >Sally@seller.dk</cbc:Value>
      </cac:OtherCommunication>
    </cac:DeliveryContact>
    <cac:AccountingContact>
      <cbc:ID>13</cbc:ID>
      <cbc:Name>Inger Buyer</cbc:Name>
      <cbc:Telephone >12121212</cbc:Telephone>
      <cbc:Telefax>12121213</cbc:Telefax>
      <cbc:ElectronicMail>Inger@buyer.dk</cbc:ElectronicMail>
      <cbc:Note>Jeg har mange opgaver i dette firma.</cbc:Note>
      <cac:OtherCommunication>
        <cbc:ChannelCode listID ="vores:channelcode:liste - Defineret af os selv" listAgencyID ="ID - Defineret af os selv">SKYPE</cbc:ChannelCode>
        <cbc:Value >Inger@buyer.dk</cbc:Value>
      </cac:OtherCommunication>
    </cac:AccountingContact>
    <cac:BuyerContact>
      <cbc:ID>13</cbc:ID>
      <cbc:Name>Inger Buyer</cbc:Name>
      <cbc:Telephone >12121212</cbc:Telephone>
      <cbc:Telefax>12121213</cbc:Telefax>
      <cbc:ElectronicMail>Inger@buyer.dk</cbc:ElectronicMail>
      <cbc:Note>Jeg har mange opgaver i dette firma.</cbc:Note>
      <cac:OtherCommunication>
        <cbc:ChannelCode listID ="vores:channelcode:liste - Defineret af os selv" listAgencyID ="ID - Defineret af os selv">SKYPE</cbc:ChannelCode>
        <cbc:Value >Inger@buyer.dk</cbc:Value>
      </cac:OtherCommunication>
    </cac:BuyerContact>
  </cac:AccountingCustomerParty>
</OrderResponseSimple>
