<?xml version="1.0" encoding="UTF-8"?>
<testSet xmlns="http://difi.no/xsd/vefa/validator/1.0" configuration="peppolbis-en16931-base-3.0-ubl">
	<assert>
    <description>Verify existence of EndpointID for customer.</description>
		<scope>PEPPOL-EN16931-R010</scope>
	</assert>
	<test>
		<assert>
			<success>PEPPOL-EN16931-R010</success>
		</assert>
		<Invoice xmlns:cac="urn:oasis:names:specification:ubl:schema:xsd:CommonAggregateComponents-2"
			xmlns:cbc="urn:oasis:names:specification:ubl:schema:xsd:CommonBasicComponents-2"
			xmlns="urn:oasis:names:specification:ubl:schema:xsd:Invoice-2">

			<cac:AccountingCustomerParty>
				<cac:Party>
					<cbc:EndpointID/>
				</cac:Party>
			</cac:AccountingCustomerParty>

		</Invoice>
	</test>
	<test>
		<assert>
			<error>PEPPOL-EN16931-R010</error>
		</assert>
		<Invoice xmlns:cac="urn:oasis:names:specification:ubl:schema:xsd:CommonAggregateComponents-2"
			xmlns:cbc="urn:oasis:names:specification:ubl:schema:xsd:CommonBasicComponents-2"
			xmlns="urn:oasis:names:specification:ubl:schema:xsd:Invoice-2">

			<cac:AccountingCustomerParty>
				<cac:Party>
					<!-- <cbc:EndpointID/> -->
				</cac:Party>
			</cac:AccountingCustomerParty>

		</Invoice>
	</test>
</testSet>
