<?xml version="1.0" encoding="UTF-8"?>
<testSet xmlns="http://difi.no/xsd/vefa/validator/1.0" configuration="peppolbis-en16931-base-3.0-ubl">
	<assert>
    <description>Correct use of invoice periode description code.</description>
		<scope>PEPPOL-EN16931-CL006</scope>
	</assert>
	<test>
		<assert>
			<success number="3">PEPPOL-EN16931-CL006</success>
		</assert>
		<Invoice xmlns:cac="urn:oasis:names:specification:ubl:schema:xsd:CommonAggregateComponents-2"
			xmlns:cbc="urn:oasis:names:specification:ubl:schema:xsd:CommonBasicComponents-2"
			xmlns="urn:oasis:names:specification:ubl:schema:xsd:Invoice-2">

			<cac:InvoicePeriod>
				<cbc:DescriptionCode>3</cbc:DescriptionCode>
			</cac:InvoicePeriod>
			<cac:InvoicePeriod>
				<cbc:DescriptionCode>35</cbc:DescriptionCode>
			</cac:InvoicePeriod>
			<cac:InvoicePeriod>
				<cbc:DescriptionCode>432</cbc:DescriptionCode>
			</cac:InvoicePeriod>

		</Invoice>
	</test>
	<test>
		<assert>
			<error number="3">PEPPOL-EN16931-CL006</error>
		</assert>
		<Invoice xmlns:cac="urn:oasis:names:specification:ubl:schema:xsd:CommonAggregateComponents-2"
			xmlns:cbc="urn:oasis:names:specification:ubl:schema:xsd:CommonBasicComponents-2"
			xmlns="urn:oasis:names:specification:ubl:schema:xsd:Invoice-2">

			<cac:InvoicePeriod>
				<cbc:DescriptionCode>ZZZ</cbc:DescriptionCode>
			</cac:InvoicePeriod>
			<cac:InvoicePeriod>
				<cbc:DescriptionCode>50</cbc:DescriptionCode>
			</cac:InvoicePeriod>
			<cac:InvoicePeriod>
				<cbc:DescriptionCode></cbc:DescriptionCode>
			</cac:InvoicePeriod>

		</Invoice>
	</test>
</testSet>
