<?xml version="1.0" encoding="UTF-8"?>
<testSet xmlns="http://difi.no/xsd/vefa/validator/1.0" configuration="peppolbis-en16931-base-3.0-ubl">
	<assert>
    <description>Verify format of ProfileID.</description>
		<scope>PEPPOL-EN16931-R007</scope>
	</assert>
	<test>
		<assert>
			<success>PEPPOL-EN16931-R007</success>
		</assert>
		<Invoice xmlns:cac="urn:oasis:names:specification:ubl:schema:xsd:CommonAggregateComponents-2"
			xmlns:cbc="urn:oasis:names:specification:ubl:schema:xsd:CommonBasicComponents-2"
			xmlns="urn:oasis:names:specification:ubl:schema:xsd:Invoice-2">

			<cbc:ProfileID>urn:fdc:peppol.eu:2017:poacc:billing:01:1.0</cbc:ProfileID>

		</Invoice>
	</test>
	<test>
		<assert>
			<error>PEPPOL-EN16931-R007</error>
		</assert>
		<Invoice xmlns:cac="urn:oasis:names:specification:ubl:schema:xsd:CommonAggregateComponents-2"
			xmlns:cbc="urn:oasis:names:specification:ubl:schema:xsd:CommonBasicComponents-2"
			xmlns="urn:oasis:names:specification:ubl:schema:xsd:Invoice-2">

			<cbc:ProfileID>urn:fdc:peppol.eu:2017:NOT:CORRECT:AT:ALL:01:1.0</cbc:ProfileID>

		</Invoice>
	</test>
</testSet>
