<?xml version="1.0" encoding="UTF-8"?>
<testSet xmlns="http://difi.no/xsd/vefa/validator/1.0" configuration="peppolbis-en16931-base-3.0-ubl">
	<assert>
    	<description>Verify tax exemption reason codes in correspondance with category code.</description>
		<scope>PEPPOL-EN16931-P0107</scope>
	</assert>
	<test>
		<assert>
			<success>PEPPOL-EN16931-P0107</success>
		</assert>
		<Invoice xmlns:cac="urn:oasis:names:specification:ubl:schema:xsd:CommonAggregateComponents-2"
			xmlns:cbc="urn:oasis:names:specification:ubl:schema:xsd:CommonBasicComponents-2"
			xmlns="urn:oasis:names:specification:ubl:schema:xsd:Invoice-2">

			<cac:TaxTotal>
				<cbc:TaxAmount currencyID="GBP">0.00</cbc:TaxAmount>
				<cac:TaxSubtotal>
					<cbc:TaxableAmount currencyID="GBP">1200.00</cbc:TaxableAmount>
					<cbc:TaxAmount currencyID="GBP">0.00</cbc:TaxAmount>
					<cac:TaxCategory>
						<cbc:ID>AE</cbc:ID>
						<cbc:TaxExemptionReasonCode>VATEX-EU-AE</cbc:TaxExemptionReasonCode>
						<cbc:Percent>0</cbc:Percent>
						<cac:TaxScheme>
							<cbc:ID>VAT</cbc:ID>
						</cac:TaxScheme>
					</cac:TaxCategory>
				</cac:TaxSubtotal>  
			</cac:TaxTotal>
		</Invoice>
	</test>

	<test>
		<assert>
			<error>PEPPOL-EN16931-P0107</error>
		</assert>
		<Invoice xmlns:cac="urn:oasis:names:specification:ubl:schema:xsd:CommonAggregateComponents-2"
			xmlns:cbc="urn:oasis:names:specification:ubl:schema:xsd:CommonBasicComponents-2"
			xmlns="urn:oasis:names:specification:ubl:schema:xsd:Invoice-2">

			<cac:TaxTotal>
				<cbc:TaxAmount currencyID="GBP">0.00</cbc:TaxAmount>
				<cac:TaxSubtotal>
					<cbc:TaxableAmount currencyID="GBP">1200.00</cbc:TaxableAmount>
					<cbc:TaxAmount currencyID="GBP">0.00</cbc:TaxAmount>
					<cac:TaxCategory>
						<cbc:ID>S</cbc:ID>
						<cbc:TaxExemptionReasonCode>VATEX-EU-AE</cbc:TaxExemptionReasonCode>
						<cbc:Percent>0</cbc:Percent>
						<cac:TaxScheme>
							<cbc:ID>VAT</cbc:ID>
						</cac:TaxScheme>
					</cac:TaxCategory>
				</cac:TaxSubtotal>  
			</cac:TaxTotal>
		</Invoice>
	</test>
	<test>
		<assert>
			<error>PEPPOL-EN16931-P0107</error>
		</assert>
		<CreditNote xmlns:cac="urn:oasis:names:specification:ubl:schema:xsd:CommonAggregateComponents-2"
			xmlns:cbc="urn:oasis:names:specification:ubl:schema:xsd:CommonBasicComponents-2"
			xmlns="urn:oasis:names:specification:ubl:schema:xsd:CreditNote-2">

			<cac:TaxTotal>
				<cbc:TaxAmount currencyID="GBP">0.00</cbc:TaxAmount>
				<cac:TaxSubtotal>
					<cbc:TaxableAmount currencyID="GBP">1200.00</cbc:TaxableAmount>
					<cbc:TaxAmount currencyID="GBP">0.00</cbc:TaxAmount>
					<cac:TaxCategory>
						<cbc:ID>S</cbc:ID>
						<cbc:TaxExemptionReasonCode>VATEX-EU-AE</cbc:TaxExemptionReasonCode>
						<cbc:Percent>0</cbc:Percent>
						<cac:TaxScheme>
							<cbc:ID>VAT</cbc:ID>
						</cac:TaxScheme>
					</cac:TaxCategory>
				</cac:TaxSubtotal>  
			</cac:TaxTotal>

		</CreditNote>
	</test>
</testSet>
