<?xml version="1.0" encoding="UTF-8"?>
<testSet xmlns="http://difi.no/xsd/vefa/validator/1.0"
	configuration="peppolbis-t110-base-3.0">
	<assert>
		<description>Verify total sum of charges at document level is equal to the sum of charges at document level, if total sum of charges at document level is provided.</description>
		<scope>PEPPOL-T110-R008</scope>
	</assert>
	
	<test>
		<assert>
			<description>Valid example of document level charge.</description>
			<success>PEPPOL-T110-R008</success>
		</assert>
		<OrderResponse xmlns:cac="urn:oasis:names:specification:ubl:schema:xsd:CommonAggregateComponents-2"
			xmlns:cbc="urn:oasis:names:specification:ubl:schema:xsd:CommonBasicComponents-2"
			xmlns="urn:oasis:names:specification:ubl:schema:xsd:OrderResponse-2">

			<cac:LegalMonetaryTotal>
				<cbc:ChargeTotalAmount>50</cbc:ChargeTotalAmount>
			</cac:LegalMonetaryTotal>

			<cac:AllowanceCharge>
				<cbc:ChargeIndicator>true</cbc:ChargeIndicator>
				<cbc:Amount>25</cbc:Amount>
			</cac:AllowanceCharge>
			<cac:AllowanceCharge>
				<cbc:ChargeIndicator>true</cbc:ChargeIndicator>
				<cbc:Amount>25</cbc:Amount>
			</cac:AllowanceCharge>

		</OrderResponse>
	</test>
	<test>
		<assert>
			<description>Invalid example of document level charge.</description>
			<error>PEPPOL-T110-R008</error>
		</assert>
		<OrderResponse xmlns:cac="urn:oasis:names:specification:ubl:schema:xsd:CommonAggregateComponents-2"
			xmlns:cbc="urn:oasis:names:specification:ubl:schema:xsd:CommonBasicComponents-2"
			xmlns="urn:oasis:names:specification:ubl:schema:xsd:OrderResponse-2">

			<cac:LegalMonetaryTotal>
				<cbc:ChargeTotalAmount>25</cbc:ChargeTotalAmount>
			</cac:LegalMonetaryTotal>

			<cac:AllowanceCharge>
				<cbc:ChargeIndicator>true</cbc:ChargeIndicator>
				<cbc:Amount>25</cbc:Amount>
			</cac:AllowanceCharge>
			<cac:AllowanceCharge>
				<cbc:ChargeIndicator>true</cbc:ChargeIndicator>
				<cbc:Amount>25</cbc:Amount>
			</cac:AllowanceCharge>

		</OrderResponse>
	</test>
	<test>
		<assert>
			<description>Valid example of document level charge without total.</description>
			<success>PEPPOL-T110-R008</success>
		</assert>
		<OrderResponse xmlns:cac="urn:oasis:names:specification:ubl:schema:xsd:CommonAggregateComponents-2"
			xmlns:cbc="urn:oasis:names:specification:ubl:schema:xsd:CommonBasicComponents-2"
			xmlns="urn:oasis:names:specification:ubl:schema:xsd:OrderResponse-2">

			<cac:LegalMonetaryTotal>
				<!-- <cbc:ChargeTotalAmount>50</cbc:ChargeTotalAmount> -->
			</cac:LegalMonetaryTotal>

			<cac:AllowanceCharge>
				<cbc:ChargeIndicator>true</cbc:ChargeIndicator>
				<cbc:Amount>25</cbc:Amount>
			</cac:AllowanceCharge>
			<cac:AllowanceCharge>
				<cbc:ChargeIndicator>true</cbc:ChargeIndicator>
				<cbc:Amount>25</cbc:Amount>
			</cac:AllowanceCharge>

		</OrderResponse>
	</test>
	
</testSet>
