<?xml version="1.0" encoding="UTF-8"?>
<testSet xmlns="http://difi.no/xsd/vefa/validator/1.0" configuration="ehf-common-ubl-1.0">
	<assert>
		<!-- <scope>NOGOV-T16-R011</scope> -->
		<scope>EHF-COMMON-R001</scope>
		<scope>EHF-COMMON-R002</scope>
	</assert>
	<test>
		<assert>
			<description>Verify elements with content throws no errors.</description>
			<!-- <success>NOGOV-T16-R011</success> -->
			<success>EHF-COMMON-R001</success>
			<success>EHF-COMMON-R002</success>
		</assert>
		<DespatchAdvice xmlns:cac="urn:oasis:names:specification:ubl:schema:xsd:CommonAggregateComponents-2"
			xmlns:cbc="urn:oasis:names:specification:ubl:schema:xsd:CommonBasicComponents-2"
			xmlns="urn:oasis:names:specification:ubl:schema:xsd:DespatchAdvice-2">

			<cbc:ActionCode>Add</cbc:ActionCode>
			<cbc:EndDate>2025-01-01</cbc:EndDate>
			<cbc:UBLVersionID>2.1</cbc:UBLVersionID>
		  <cbc:VersionID>Test</cbc:VersionID>

		</DespatchAdvice>
	</test>
	<test>
		<assert>
			<description>Verify elements without content throws errors.</description>
			<!-- <error>NOGOV-T16-R011</error> -->
			<error number="2">EHF-COMMON-R001</error>
			<error number="2">EHF-COMMON-R002</error>
		</assert>
		<DespatchAdvice xmlns:cac="urn:oasis:names:specification:ubl:schema:xsd:CommonAggregateComponents-2"
			xmlns:cbc="urn:oasis:names:specification:ubl:schema:xsd:CommonBasicComponents-2"
			xmlns="urn:oasis:names:specification:ubl:schema:xsd:DespatchAdvice-2">

			<cbc:ActionCode></cbc:ActionCode>
			<cbc:EndDate></cbc:EndDate>
			<cac:UBLVersionID></cac:UBLVersionID>
		  <cac:VersionID></cac:VersionID>

		</DespatchAdvice>
	</test>
</testSet>
