<?xml version="1.0" encoding="UTF-8"?>
<testSet xmlns="http://difi.no/xsd/vefa/validator/1.0" configuration="ehf-common-ubl-1.0">
	<assert>
		<scope>EHF-COMMON-R030</scope>
	</assert>
	<test>
		<assert>
			<description>Trigger no error when date element data is correctly formated.</description>
			<success>EHF-COMMON-R030</success>
		</assert>
		<CreditNote xmlns:cac="urn:oasis:names:specification:ubl:schema:xsd:CommonAggregateComponents-2"
			xmlns:cbc="urn:oasis:names:specification:ubl:schema:xsd:CommonBasicComponents-2"
			xmlns="urn:oasis:names:specification:ubl:schema:xsd:CreditNote-2">

			<cbc:IssueDate>2016-01-01</cbc:IssueDate>

		</CreditNote>
	</test>
	<test>
		<assert>
			<description>Trigger error when date element data is incorrectly formated.</description>
			<error number="2">EHF-COMMON-R030</error>
		</assert>
		<CreditNote xmlns:cac="urn:oasis:names:specification:ubl:schema:xsd:CommonAggregateComponents-2"
			xmlns:cbc="urn:oasis:names:specification:ubl:schema:xsd:CommonBasicComponents-2"
			xmlns="urn:oasis:names:specification:ubl:schema:xsd:CreditNote-2">

			<cbc:StartDate>2016-01-01Z</cbc:StartDate>
			<cbc:EndDate>2016.01.01</cbc:EndDate>

		</CreditNote>
	</test>
</testSet>
