<?xml version="1.0" encoding="UTF-8"?>
<testSet xmlns="http://difi.no/xsd/vefa/validator/1.0" configuration="ehf-common-ubl-1.0">
	<assert>
		<scope>EHF-COMMON-R011</scope>
	</assert>
	<test>
		<assert>
			<description>Verify organization number of party identification when so is declared.</description>
			<success number="2">EHF-COMMON-R011</success>
		</assert>
		<CreditNote xmlns:cac="urn:oasis:names:specification:ubl:schema:xsd:CommonAggregateComponents-2"
			xmlns:cbc="urn:oasis:names:specification:ubl:schema:xsd:CommonBasicComponents-2"
			xmlns="urn:oasis:names:specification:ubl:schema:xsd:CreditNote-2">

			<cac:PartyIdentification>
				<cbc:ID schemeID="NO:ORGNR">123456785</cbc:ID>
				<cbc:ID schemeID="NO:ORGNR">987654325</cbc:ID>
			</cac:PartyIdentification>

		</CreditNote>
	</test>
	<test>
		<assert>
			<description>Verify organization number of party identification when so is declared.</description>
			<error number="3">EHF-COMMON-R011</error>
		</assert>
		<CreditNote xmlns:cac="urn:oasis:names:specification:ubl:schema:xsd:CommonAggregateComponents-2"
			xmlns:cbc="urn:oasis:names:specification:ubl:schema:xsd:CommonBasicComponents-2"
			xmlns="urn:oasis:names:specification:ubl:schema:xsd:CreditNote-2">

			<cac:PartyIdentification>
				<!-- <cbc:ID schemeID="NO:ORGNR">123456789</cbc:ID> -->
				<cbc:ID schemeID="NO:ORGNR">123 456 785</cbc:ID>
				<cbc:ID schemeID="NO:ORGNR">123.456.785</cbc:ID>
				<cbc:ID schemeID="NO:ORGNR">1234567850</cbc:ID>
			</cac:PartyIdentification>

		</CreditNote>
	</test>
</testSet>
