<?xml version="1.0" encoding="UTF-8"?>
<buildConfigurations xmlns="http://difi.no/xsd/vefa/validator/1.0">

    <package>PEPPOL BIS 42A Order Agreement 1.0</package>

    <testfolder>Tests</testfolder>
    <testfolder>Unit</testfolder>

    <configuration>
        <identifier>peppolbis-t110-base-1.0</identifier>
        <title>PEPPOL BIS Order Agreement 1.0 (Base)</title>
        <inherit>ubl-orderresponse-2.1</inherit>
        <file source="Schematron/BII RULES/BIIRULES-UBL-T110.sch" path="xsl/BIIRULES-UBL-T110.xsl" />
        <file source="Schematron/OPENPEPPOL/OPENPEPPOL-UBL-T110.sch" path="xsl/OPENPEPPOL-UBL-T110.xsl" />
    </configuration>

    <configuration>
        <identifier>peppolbis-t110-18a-1.0</identifier>
        <title>PEPPOL BIS Order Agreement 1.0 (Profile 42)</title>
        <profileId>urn:www.cenbii.eu:profile:bii42:ver1.0</profileId>
        <customizationId>urn:www.cenbii.eu:transaction:biitrns110:ver1.0:extended:urn:www.peppol.eu:bis:peppol42a:ver1.0</customizationId>
        <inherit>peppolbis-t110-base-1.0</inherit>
    </configuration>

</buildConfigurations>
