﻿<?xml version="1.0" encoding="UTF-8"?>
<OrderResponseSimple xmlns="urn:oasis:names:specification:ubl:schema:xsd:OrderResponseSimple-2" xmlns:cac="urn:oasis:names:specification:ubl:schema:xsd:CommonAggregateComponents-2" xmlns:cbc="urn:oasis:names:specification:ubl:schema:xsd:CommonBasicComponents-2" xmlns:ccts="urn:oasis:names:specification:ubl:schema:xsd:CoreComponentParameters-2" xmlns:sdt="urn:oasis:names:specification:ubl:schema:xsd:SpecializedDatatypes-2" xmlns:udt="urn:un:unece:uncefact:data:specification:UnqualifiedDataTypesSchemaModule:2" xmlns:xsi="http://www.w3.org/2001/XMLSchema-instance" xsi:schemaLocation="urn:oasis:names:specification:ubl:schema:xsd:OrderResponseSimple-2 UBL-OrderResponseSimple-2.0.xsd">

	<cbc:UBLVersionID>2.0</cbc:UBLVersionID>
	<cbc:CustomizationID>OIOUBL-2.01</cbc:CustomizationID>
	<cbc:ProfileID schemeAgencyID="320" schemeID="urn:oioubl:id:profileid-1.1">Procurement-OrdAdvR-BilSim-1.0</cbc:ProfileID>
	<cbc:ID>65830</cbc:ID>
	<cbc:CopyIndicator>false</cbc:CopyIndicator>
	<cbc:UUID>6E09886B-DC6E-439F-82D1-7CCAC7F4E3B1</cbc:UUID>
	<cbc:IssueDate>2006-04-02</cbc:IssueDate>
	<cbc:Note>Note på simpel ordre respons</cbc:Note>
	<cbc:AcceptedIndicator>false</cbc:AcceptedIndicator>
	<cbc:RejectionNote>Den bestilte vare er ikke på lager</cbc:RejectionNote>
	<cac:OrderReference>
		<cbc:ID>5002701</cbc:ID>
		<cbc:UUID>6E09886B-DC6E-439F-82D1-7CCAC7F4E3B1</cbc:UUID>
		<cbc:IssueDate>2006-04-01</cbc:IssueDate>
		<cac:DocumentReference>
			<cbc:ID>5002701</cbc:ID>
			<cbc:UUID>6E09886B-DC6E-439F-82D1-7CCAC7F4E3B1</cbc:UUID>
			<cbc:IssueDate>2007-02-20</cbc:IssueDate>
			<cbc:DocumentType>Order</cbc:DocumentType>
			<cac:Attachment>
				<cac:ExternalReference>
					<cbc:URI>http://www.ordre.dk</cbc:URI>
					<cbc:DocumentHash>dkfgqasdfæaljrtg9q0</cbc:DocumentHash>
					<cbc:ExpiryDate>2007-02-20</cbc:ExpiryDate>
					<cbc:ExpiryTime>12:00:00</cbc:ExpiryTime>
				</cac:ExternalReference>
			</cac:Attachment>
		</cac:DocumentReference>
	</cac:OrderReference>
	<cac:Signature>
		<cbc:ID>123</cbc:ID>
		<cbc:Note>Signatur note</cbc:Note>
		<cbc:ValidationDate>2007-02-20</cbc:ValidationDate>
		<cbc:ValidationTime>12:00:00</cbc:ValidationTime>
		<cbc:ValidatorID>9000000001</cbc:ValidatorID>
		<cbc:CanonicalizationMethod>Metode 1</cbc:CanonicalizationMethod>
		<cbc:SignatureMethod>Metode 2</cbc:SignatureMethod>
		<cac:SignatoryParty>
			<cbc:EndpointID schemeID="DK:CVR">DK16356712</cbc:EndpointID>
			<cac:PartyIdentification>
				<cbc:ID schemeAgencyID="16" schemeID="DUNS">12457812</cbc:ID>
			</cac:PartyIdentification>
			<cac:PartyName>
				<cbc:Name>Signatør A/S</cbc:Name>
			</cac:PartyName>
			<cac:PostalAddress>
				<cbc:AddressFormatCode listAgencyID="320" listID="urn:oioubl:codelist:addressformatcode-1.1">StructuredDK</cbc:AddressFormatCode>
				<cbc:StreetName>Signatørvej</cbc:StreetName>
				<cbc:BuildingNumber>11</cbc:BuildingNumber>
				<cbc:CityName>Dyssegård</cbc:CityName>
				<cbc:PostalZone>2870</cbc:PostalZone>
				<cac:Country>
					<cbc:IdentificationCode>DK</cbc:IdentificationCode>
				</cac:Country>
			</cac:PostalAddress>
			<cac:PhysicalLocation>
				<cbc:ID>456</cbc:ID>
				<cbc:Description>Text</cbc:Description>
				<cbc:Conditions>Text</cbc:Conditions>
				<cac:Address>
					<cbc:AddressFormatCode listAgencyID="320" listID="urn:oioubl:codelist:addressformatcode-1.1">StructuredDK</cbc:AddressFormatCode>
					<cbc:StreetName>Signatørvej</cbc:StreetName>
					<cbc:BuildingNumber>12</cbc:BuildingNumber>
					<cbc:CityName>Dyssegård</cbc:CityName>
					<cbc:PostalZone>2870</cbc:PostalZone>
					<cac:Country>
						<cbc:IdentificationCode>DK</cbc:IdentificationCode>
					</cac:Country>
				</cac:Address>				
			</cac:PhysicalLocation>
			<cac:PartyTaxScheme>
				<cbc:RegistrationName>Signatør A/S</cbc:RegistrationName>
				<cbc:CompanyID schemeID="DK:SE">DK16356713</cbc:CompanyID>
				<cbc:ExemptionReasonCode>UndtagelsesKode</cbc:ExemptionReasonCode>
				<cbc:ExemptionReason>Undtagelse</cbc:ExemptionReason>
				<cac:RegistrationAddress>
					<cbc:AddressFormatCode listAgencyID="320" listID="urn:oioubl:codelist:addressformatcode-1.1">StructuredDK</cbc:AddressFormatCode>
					<cbc:StreetName>Signatørvej</cbc:StreetName>
					<cbc:BuildingNumber>12</cbc:BuildingNumber>
					<cbc:CityName>Dyssegård</cbc:CityName>
					<cbc:PostalZone>2870</cbc:PostalZone>
					<cac:Country>
						<cbc:IdentificationCode>DK</cbc:IdentificationCode>
					</cac:Country>
				</cac:RegistrationAddress>
				<cac:TaxScheme>
					<cbc:ID schemeAgencyID="320" schemeID="urn:oioubl:id:taxschemeid-1.1">63</cbc:ID>
					<cbc:Name>Moms</cbc:Name>
					<cbc:CurrencyCode>DKK</cbc:CurrencyCode>
				</cac:TaxScheme>
			</cac:PartyTaxScheme>
			<cac:PartyLegalEntity>
				<cbc:RegistrationName>Signatør A/S</cbc:RegistrationName>
				<cbc:CompanyID schemeID="DK:CVR">DK16356714</cbc:CompanyID>
				<cac:RegistrationAddress>
					<cbc:AddressFormatCode listAgencyID="320" listID="urn:oioubl:codelist:addressformatcode-1.1">StructuredDK</cbc:AddressFormatCode>
					<cbc:StreetName>Signatørvej</cbc:StreetName>
					<cbc:BuildingNumber>12</cbc:BuildingNumber>
					<cbc:CityName>Dyssegård</cbc:CityName>
					<cbc:PostalZone>2870</cbc:PostalZone>
					<cac:Country>
						<cbc:IdentificationCode>DK</cbc:IdentificationCode>
					</cac:Country>
				</cac:RegistrationAddress>
			</cac:PartyLegalEntity>
			<cac:Contact>
				<cbc:ID>9000000002</cbc:ID>
				<cbc:Name>Salgsafdelingen</cbc:Name>
				<cbc:Telephone>15812337</cbc:Telephone>
				<cbc:Telefax>15812330</cbc:Telefax>
				<cbc:ElectronicMail>salg@signatør.dk</cbc:ElectronicMail>
				<cbc:Note>tekst</cbc:Note>
				<cac:OtherCommunication>
					<cbc:Channel>Skype</cbc:Channel>
					<cbc:Value>signatør@signatør.dk</cbc:Value>
				</cac:OtherCommunication>
			</cac:Contact>
			<cac:Person>
				<cbc:FirstName>Søren</cbc:FirstName>
				<cbc:FamilyName>Jensen</cbc:FamilyName>
				<cbc:MiddleName>Back</cbc:MiddleName>
			</cac:Person>
		</cac:SignatoryParty>
		<cac:DigitalSignatureAttachment>
			<cbc:EmbeddedDocumentBinaryObject mimeCode="image/tiff">
				TIFF
			</cbc:EmbeddedDocumentBinaryObject>
		</cac:DigitalSignatureAttachment>
		<cac:OriginalDocumentReference>
			<cbc:ID>2345</cbc:ID>
			<cbc:UUID>6E09886B-DC6E-439F-82D1-7CCAC7F4E3B1</cbc:UUID>
			<cbc:IssueDate>2007-02-20</cbc:IssueDate>
			<cbc:DocumentTypeCode>ORG</cbc:DocumentTypeCode>
			<cbc:DocumentType>OriginalDocument</cbc:DocumentType>
			<cac:Attachment>
				<cac:ExternalReference>
					<cbc:URI>http://www.signaturdokumentreference.dk</cbc:URI>
					<cbc:DocumentHash>dkfgqasdfæaljrtg9q0</cbc:DocumentHash>
					<cbc:ExpiryDate>2007-02-20</cbc:ExpiryDate>
					<cbc:ExpiryTime>12:00:00</cbc:ExpiryTime>
				</cac:ExternalReference>
			</cac:Attachment>
		</cac:OriginalDocumentReference>
	</cac:Signature>
	<cac:SellerSupplierParty>
		<cac:Party>
			<cbc:EndpointID schemeID="DK:CVR">DK16356706</cbc:EndpointID>
			<cac:PartyIdentification>
				<cbc:ID schemeID="DK:CVR">DK12457850</cbc:ID>
			</cac:PartyIdentification>
			<cac:PartyName>
				<cbc:Name>Tavleverandøren</cbc:Name>
			</cac:PartyName>
			<cac:PostalAddress>
				<cbc:AddressFormatCode listAgencyID="320" listID="urn:oioubl:codelist:addressformatcode-1.1">StructuredDK</cbc:AddressFormatCode>
				<cbc:StreetName>Leverandørvej</cbc:StreetName>
				<cbc:BuildingNumber>11</cbc:BuildingNumber>
				<cbc:CityName>Dyssegård</cbc:CityName>
				<cbc:PostalZone>2870</cbc:PostalZone>
				<cac:Country>
					<cbc:IdentificationCode>DK</cbc:IdentificationCode>
				</cac:Country>
			</cac:PostalAddress>
			<cac:PartyLegalEntity>
				<cbc:RegistrationName>Tavleleverandøren</cbc:RegistrationName>
				<cbc:CompanyID schemeID="DK:CVR">DK16356799</cbc:CompanyID>
				<cac:RegistrationAddress>
					<cbc:AddressFormatCode listAgencyID="320" listID="urn:oioubl:codelist:addressformatcode-1.1">StructuredDK</cbc:AddressFormatCode>
					<cbc:StreetName>Signatørvej</cbc:StreetName>
					<cbc:BuildingNumber>12</cbc:BuildingNumber>
					<cbc:CityName>Dyssegård</cbc:CityName>
					<cbc:PostalZone>2870</cbc:PostalZone>
					<cac:Country>
						<cbc:IdentificationCode>DK</cbc:IdentificationCode>
					</cac:Country>
				</cac:RegistrationAddress>				
			</cac:PartyLegalEntity>
			<cac:Contact>
				<cbc:ID>23456</cbc:ID>
				<cbc:Name>Hugo Jensen</cbc:Name>
				<cbc:Telephone>15812337</cbc:Telephone>
				<cbc:Telefax>15812330</cbc:Telefax>
				<cbc:ElectronicMail>Hugo@tavl.dk</cbc:ElectronicMail>
				<cbc:Note>tekst</cbc:Note>
				<cac:OtherCommunication>
					<cbc:Channel>Skype</cbc:Channel>
					<cbc:Value>Hugo@tavl.dk</cbc:Value>
				</cac:OtherCommunication>
			</cac:Contact>
			<cac:Person>
				<cbc:FirstName>Hugo</cbc:FirstName>
				<cbc:FamilyName>Jensen</cbc:FamilyName>
				<cbc:MiddleName>Holm</cbc:MiddleName>
			</cac:Person>
		</cac:Party>
	</cac:SellerSupplierParty>
	<cac:BuyerCustomerParty>
		<cac:Party>
			<cbc:EndpointID schemeAgencyID="9" schemeID="GLN">5798000416604</cbc:EndpointID>
			<cac:PartyIdentification>
				<cbc:ID schemeAgencyID="9" schemeID="GLN">5798000416604</cbc:ID>
			</cac:PartyIdentification>
			<cac:PartyName>
				<cbc:Name>Den Lille Skole</cbc:Name>
			</cac:PartyName>
			<cac:PostalAddress>
				<cbc:AddressFormatCode listAgencyID="320" listID="urn:oioubl:codelist:addressformatcode-1.1">StructuredDK</cbc:AddressFormatCode>
				<cbc:StreetName>Fredericiavej</cbc:StreetName>
				<cbc:BuildingNumber>10</cbc:BuildingNumber>
				<cbc:CityName>Helsingør</cbc:CityName>
				<cbc:PostalZone>3000</cbc:PostalZone>
				<cac:Country>
					<cbc:IdentificationCode>DK</cbc:IdentificationCode>
				</cac:Country>
			</cac:PostalAddress>
			<cac:PartyTaxScheme>
				<cbc:RegistrationName>Den Lille Skole, indkøb</cbc:RegistrationName>
				<cbc:CompanyID schemeID="DK:SE">DK16356710</cbc:CompanyID>
				<cbc:ExemptionReasonCode>UndtagelsesKode</cbc:ExemptionReasonCode>
				<cbc:ExemptionReason>Undtagelse</cbc:ExemptionReason>
				<cac:RegistrationAddress>
					<cbc:AddressFormatCode listAgencyID="320" listID="urn:oioubl:codelist:addressformatcode-1.1">StructuredDK</cbc:AddressFormatCode>
					<cbc:StreetName>Fredericiavej</cbc:StreetName>
					<cbc:BuildingNumber>10</cbc:BuildingNumber>
					<cbc:CityName>Helsingør</cbc:CityName>
					<cbc:PostalZone>3000</cbc:PostalZone>
					<cac:Country>
						<cbc:IdentificationCode>DK</cbc:IdentificationCode>
					</cac:Country>
				</cac:RegistrationAddress>
				<cac:TaxScheme>
					<cbc:ID schemeAgencyID="320" schemeID="urn:oioubl:id:taxschemeid-1.1">63</cbc:ID>
					<cbc:Name>Moms</cbc:Name>
				</cac:TaxScheme>
			</cac:PartyTaxScheme>
			<cac:PartyLegalEntity>
				<cbc:RegistrationName>Den Lille Skole, indkøb</cbc:RegistrationName>
				<cbc:CompanyID schemeID="DK:CVR">DK16356710</cbc:CompanyID>
				<cac:RegistrationAddress>
					<cbc:AddressFormatCode listAgencyID="320" listID="urn:oioubl:codelist:addressformatcode-1.1">StructuredDK</cbc:AddressFormatCode>
					<cbc:StreetName>Fredericiavej</cbc:StreetName>
					<cbc:BuildingNumber>10</cbc:BuildingNumber>
					<cbc:CityName>Helsingør</cbc:CityName>
					<cbc:PostalZone>3000</cbc:PostalZone>
					<cac:Country>
						<cbc:IdentificationCode>DK</cbc:IdentificationCode>
					</cac:Country>
				</cac:RegistrationAddress>				
			</cac:PartyLegalEntity>
			<cac:Contact>
				<cbc:ID>9000000005</cbc:ID>
				<cbc:Name>Hans Hansen</cbc:Name>
				<cbc:Telephone>26532147</cbc:Telephone>
				<cbc:Telefax>26532140</cbc:Telefax>
				<cbc:ElectronicMail>Hans@dls.dk</cbc:ElectronicMail>
				<cbc:Note>tekst</cbc:Note>
				<cac:OtherCommunication>
					<cbc:Channel>Skype</cbc:Channel>
					<cbc:Value>Hans@dls.dk</cbc:Value>
				</cac:OtherCommunication>
			</cac:Contact>
		</cac:Party>
	</cac:BuyerCustomerParty>
	<cac:AccountingSupplierParty>
		<cac:Party>
			<cbc:EndpointID schemeID="DK:CVR">DK16356706</cbc:EndpointID>
			<cac:PartyIdentification>
				<cbc:ID schemeID="DK:CVR">DK12457845</cbc:ID>
			</cac:PartyIdentification>
			<cac:PartyName>
				<cbc:Name>Tavleverandøren</cbc:Name>
			</cac:PartyName>
			<cac:PostalAddress>
				<cbc:AddressFormatCode listAgencyID="320" listID="urn:oioubl:codelist:addressformatcode-1.1">StructuredDK</cbc:AddressFormatCode>
				<cbc:Postbox>1523</cbc:Postbox>
				<cbc:Floor>1. sal th</cbc:Floor>
				<cbc:StreetName>Leverandørvej</cbc:StreetName>
				<cbc:BuildingNumber>11</cbc:BuildingNumber>
				<cbc:Department>Salgsafdelingen</cbc:Department>
				<cbc:CityName>Dyssegård</cbc:CityName>
				<cbc:PostalZone>2870</cbc:PostalZone>
				<cac:Country>
					<cbc:IdentificationCode>DK</cbc:IdentificationCode>
				</cac:Country>
			</cac:PostalAddress>
			<cac:PhysicalLocation>
				<cbc:ID>456</cbc:ID>
				<cbc:Description>Text</cbc:Description>
				<cbc:Conditions>Text</cbc:Conditions>
				<cac:Address>
					<cbc:AddressFormatCode listAgencyID="320" listID="urn:oioubl:codelist:addressformatcode-1.1">StructuredDK</cbc:AddressFormatCode>
					<cbc:StreetName>Leverandørvej</cbc:StreetName>
					<cbc:BuildingNumber>11</cbc:BuildingNumber>
					<cbc:CityName>Dyssegård</cbc:CityName>
					<cbc:PostalZone>2870</cbc:PostalZone>
					<cac:Country>
						<cbc:IdentificationCode>DK</cbc:IdentificationCode>
					</cac:Country>
				</cac:Address>				
			</cac:PhysicalLocation>
			<cac:PartyTaxScheme>
				<cbc:CompanyID schemeID="DK:SE">DK16356706</cbc:CompanyID>
				<cbc:ExemptionReasonCode>UndtagelsesKode</cbc:ExemptionReasonCode>
				<cbc:ExemptionReason>Undtagelse</cbc:ExemptionReason>
				<cac:RegistrationAddress>
					<cbc:AddressFormatCode listAgencyID="320" listID="urn:oioubl:codelist:addressformatcode-1.1">StructuredDK</cbc:AddressFormatCode>
					<cbc:StreetName>Signatørvej</cbc:StreetName>
					<cbc:BuildingNumber>12</cbc:BuildingNumber>
					<cbc:CityName>Dyssegård</cbc:CityName>
					<cbc:PostalZone>2870</cbc:PostalZone>
					<cac:Country>
						<cbc:IdentificationCode>DK</cbc:IdentificationCode>
					</cac:Country>
				</cac:RegistrationAddress>
				<cac:TaxScheme>
					<cbc:ID schemeAgencyID="320" schemeID="urn:oioubl:id:taxschemeid-1.1">63</cbc:ID>
					<cbc:Name>Moms</cbc:Name>
				</cac:TaxScheme>
			</cac:PartyTaxScheme>
			<cac:PartyLegalEntity>
				<cbc:RegistrationName>Tavleleverandøren</cbc:RegistrationName>
				<cbc:CompanyID schemeID="DK:CVR">DK16356707</cbc:CompanyID>
				<cac:RegistrationAddress>
					<cbc:AddressFormatCode listAgencyID="320" listID="urn:oioubl:codelist:addressformatcode-1.1">StructuredDK</cbc:AddressFormatCode>
					<cbc:StreetName>Signatørvej</cbc:StreetName>
					<cbc:BuildingNumber>12</cbc:BuildingNumber>
					<cbc:CityName>Dyssegård</cbc:CityName>
					<cbc:PostalZone>2870</cbc:PostalZone>
					<cac:Country>
						<cbc:IdentificationCode>DK</cbc:IdentificationCode>
					</cac:Country>
				</cac:RegistrationAddress>				
			</cac:PartyLegalEntity>
			<cac:Contact>
				<cbc:ID>23456</cbc:ID>
				<cbc:Name>Hugo Jensen</cbc:Name>
				<cbc:Telephone>15812337</cbc:Telephone>
				<cbc:Telefax>15812330</cbc:Telefax>
				<cbc:ElectronicMail>Hugo@tavl.dk</cbc:ElectronicMail>
				<cbc:Note>text</cbc:Note>
				<cac:OtherCommunication>
					<cbc:Channel>Skype</cbc:Channel>
					<cbc:Value>Hugo@tavl.dk</cbc:Value>
				</cac:OtherCommunication>				
			</cac:Contact>
			<cac:Person>
				<cbc:FirstName>Hugo</cbc:FirstName>
				<cbc:FamilyName>Jensen</cbc:FamilyName>
				<cbc:MiddleName>Holm</cbc:MiddleName>
			</cac:Person>			
		</cac:Party>
	</cac:AccountingSupplierParty>
	<cac:AccountingCustomerParty>
		<cac:Party>
			<cbc:EndpointID schemeAgencyID="9" schemeID="GLN">5798000416605</cbc:EndpointID>
			<cac:PartyIdentification>
				<cbc:ID schemeAgencyID="9" schemeID="GLN">5798000416605</cbc:ID>
			</cac:PartyIdentification>
			<cac:PartyName>
				<cbc:Name>Den Lille Skole, kunde</cbc:Name>
			</cac:PartyName>
			<cac:PostalAddress>
				<cbc:AddressFormatCode listAgencyID="320" listID="urn:oioubl:codelist:addressformatcode-1.1">StructuredDK</cbc:AddressFormatCode>
				<cbc:StreetName>Fredericiavej</cbc:StreetName>
				<cbc:BuildingNumber>10</cbc:BuildingNumber>
				<cbc:CityName>Helsingør</cbc:CityName>
				<cbc:PostalZone>3000</cbc:PostalZone>
				<cac:Country>
					<cbc:IdentificationCode>DK</cbc:IdentificationCode>
				</cac:Country>
			</cac:PostalAddress>
			<cac:PhysicalLocation>
				<cbc:ID>456</cbc:ID>
				<cbc:Description>Text</cbc:Description>
				<cbc:Conditions>Text</cbc:Conditions>
				<cac:Address>
					<cbc:AddressFormatCode listAgencyID="320" listID="urn:oioubl:codelist:addressformatcode-1.1">StructuredDK</cbc:AddressFormatCode>
					<cbc:StreetName>Fredericiavej</cbc:StreetName>
					<cbc:BuildingNumber>10</cbc:BuildingNumber>
					<cbc:CityName>Helsingør</cbc:CityName>
					<cbc:PostalZone>3000</cbc:PostalZone>
					<cac:Country>
						<cbc:IdentificationCode>DK</cbc:IdentificationCode>
					</cac:Country>
				</cac:Address>				
			</cac:PhysicalLocation>
			<cac:PartyTaxScheme>
				<cbc:RegistrationName>Den Lille Skole, adm</cbc:RegistrationName>
				<cbc:CompanyID schemeID="DK:SE">DK16356710</cbc:CompanyID>
				<cbc:ExemptionReasonCode>UndtagelsesKode</cbc:ExemptionReasonCode>
				<cbc:ExemptionReason>Undtagelse</cbc:ExemptionReason>
				<cac:RegistrationAddress>
					<cbc:AddressFormatCode listAgencyID="320" listID="urn:oioubl:codelist:addressformatcode-1.1">StructuredDK</cbc:AddressFormatCode>
					<cbc:StreetName>Fredericiavej</cbc:StreetName>
					<cbc:BuildingNumber>10</cbc:BuildingNumber>
					<cbc:CityName>Helsingør</cbc:CityName>
					<cbc:PostalZone>3000</cbc:PostalZone>
					<cac:Country>
						<cbc:IdentificationCode>DK</cbc:IdentificationCode>
					</cac:Country>
				</cac:RegistrationAddress>
				<cac:TaxScheme>
					<cbc:ID schemeAgencyID="320" schemeID="urn:oioubl:id:taxschemeid-1.1">63</cbc:ID>
					<cbc:Name>Moms</cbc:Name>
				</cac:TaxScheme>
			</cac:PartyTaxScheme>
			<cac:PartyLegalEntity>
				<cbc:RegistrationName>Den Lille Skole, indkøb</cbc:RegistrationName>
				<cbc:CompanyID schemeID="DK:CVR">DK16356710</cbc:CompanyID>
				<cac:RegistrationAddress>
					<cbc:AddressFormatCode listAgencyID="320" listID="urn:oioubl:codelist:addressformatcode-1.1">StructuredDK</cbc:AddressFormatCode>
					<cbc:StreetName>Fredericiavej</cbc:StreetName>
					<cbc:BuildingNumber>10</cbc:BuildingNumber>
					<cbc:CityName>Helsingør</cbc:CityName>
					<cbc:PostalZone>3000</cbc:PostalZone>
					<cac:Country>
						<cbc:IdentificationCode>DK</cbc:IdentificationCode>
					</cac:Country>
				</cac:RegistrationAddress>				
			</cac:PartyLegalEntity>
			<cac:Contact>
				<cbc:ID>9000000005</cbc:ID>
				<cbc:Name>Hans Hansen</cbc:Name>
				<cbc:Telephone>26532147</cbc:Telephone>
				<cbc:Telefax>26532140</cbc:Telefax>
				<cbc:ElectronicMail>Hans@dls.dk</cbc:ElectronicMail>
				<cbc:Note>tekst</cbc:Note>
				<cac:OtherCommunication>
					<cbc:Channel>Skype</cbc:Channel>
					<cbc:Value>Hans@dls.dk</cbc:Value>
				</cac:OtherCommunication>
			</cac:Contact>
			<cac:Person>
				<cbc:FirstName>Hans</cbc:FirstName>
				<cbc:FamilyName>Hansen</cbc:FamilyName>
				<cbc:MiddleName>H.</cbc:MiddleName>
			</cac:Person>
		</cac:Party>
	</cac:AccountingCustomerParty>
</OrderResponseSimple>
