﻿<?xml version="1.0" encoding="UTF-8"?>
<Order xmlns="urn:oasis:names:specification:ubl:schema:xsd:Order-2" xmlns:cac="urn:oasis:names:specification:ubl:schema:xsd:CommonAggregateComponents-2" xmlns:cbc="urn:oasis:names:specification:ubl:schema:xsd:CommonBasicComponents-2" xmlns:ccts="urn:oasis:names:specification:ubl:schema:xsd:CoreComponentParameters-2" xmlns:sdt="urn:oasis:names:specification:ubl:schema:xsd:SpecializedDatatypes-2" xmlns:udt="urn:un:unece:uncefact:data:specification:UnqualifiedDataTypesSchemaModule:2" xmlns:xsi="http://www.w3.org/2001/XMLSchema-instance" xsi:schemaLocation="urn:oasis:names:specification:ubl:schema:xsd:Order-2 UBL-Order-2.0.xsd">

	<cbc:UBLVersionID>2.0</cbc:UBLVersionID>
	<cbc:CustomizationID>OIOUBL-2.01</cbc:CustomizationID>
	<cbc:ProfileID schemeAgencyID="320" schemeID="urn:oioubl:id:profileid-1.1">Procurement-OrdSimR-BilSim-1.0</cbc:ProfileID>
	<cbc:ID>5002701</cbc:ID>
	<cbc:CopyIndicator>false</cbc:CopyIndicator>
	<cbc:UUID>9756b468-8815-1029-857a-e388fe63f399</cbc:UUID>
	<cbc:IssueDate>2005-11-01</cbc:IssueDate>
	<cbc:Note>Note på ordreheader</cbc:Note>
	<cbc:RequestedInvoiceCurrencyCode>DKK</cbc:RequestedInvoiceCurrencyCode>	
	<cbc:DocumentCurrencyCode>DKK</cbc:DocumentCurrencyCode>
	<cbc:AccountingCost>5250124502</cbc:AccountingCost>
	<cac:ValidityPeriod>
		<cbc:StartDate>2007-02-10</cbc:StartDate>
		<cbc:EndDate>2007-02-14</cbc:EndDate>
	</cac:ValidityPeriod>
	<cac:QuotationDocumentReference>
		<cbc:ID>456</cbc:ID>
		<cbc:UUID>6E09886B-DC6E-439F-82D1-7CCAC7F4E3B1</cbc:UUID>
		<cbc:IssueDate>2007-02-20</cbc:IssueDate>
		<cbc:DocumentType>Order</cbc:DocumentType>
		<cac:Attachment>
			<cac:ExternalReference>
				<cbc:URI>http://www.leverandør.dk/tilbudsreference.pdf</cbc:URI>
				<cbc:DocumentHash>dkfgqasdfæaljrtg9q0</cbc:DocumentHash>
				<cbc:ExpiryDate>2007-02-20</cbc:ExpiryDate>
				<cbc:ExpiryTime>12:00:00</cbc:ExpiryTime>
			</cac:ExternalReference>
		</cac:Attachment>
	</cac:QuotationDocumentReference>
	<cac:AdditionalDocumentReference>
		<cbc:ID>567</cbc:ID>
		<cbc:UUID>6E09886B-DC6E-439F-82D1-7CCAC7F4E3B1</cbc:UUID>
		<cbc:IssueDate>2007-02-20</cbc:IssueDate>
		<cbc:DocumentType>Order</cbc:DocumentType>
		<cac:Attachment>
			<cbc:EmbeddedDocumentBinaryObject mimeCode="image/tiff">
				TIFF
			</cbc:EmbeddedDocumentBinaryObject>
		</cac:Attachment>
	</cac:AdditionalDocumentReference>
	<cac:Contract>
		<cbc:ID>48848</cbc:ID>
		<cbc:ContractType>Kontrakt</cbc:ContractType>
	</cac:Contract>
	<cac:Signature>
		<cbc:ID>123</cbc:ID>
		<cbc:Note>Signatur note</cbc:Note>
		<cbc:ValidationDate>2007-02-20</cbc:ValidationDate>
		<cbc:ValidationTime>12:00:00</cbc:ValidationTime>
		<cbc:ValidatorID>9000000001</cbc:ValidatorID>
		<cbc:CanonicalizationMethod>Metode 1</cbc:CanonicalizationMethod>
		<cbc:SignatureMethod>Metode 2</cbc:SignatureMethod>
		<cac:SignatoryParty>
			<cbc:EndpointID schemeID="DK:CVR">DK16356712</cbc:EndpointID>
			<cac:PartyIdentification>
				<cbc:ID schemeID="DK:CVR">DK12457812</cbc:ID>
			</cac:PartyIdentification>
			<cac:PartyName>
				<cbc:Name>Signatør A/S</cbc:Name>
			</cac:PartyName>
			<cac:PostalAddress>
				<cbc:AddressFormatCode listAgencyID="320" listID="urn:oioubl:codelist:addressformatcode-1.1">StructuredDK</cbc:AddressFormatCode>
				<cbc:StreetName>Signatørvej</cbc:StreetName>
				<cbc:BuildingNumber>11</cbc:BuildingNumber>
				<cbc:CityName>Dyssegård</cbc:CityName>
				<cbc:PostalZone>2870</cbc:PostalZone>
				<cac:Country>
					<cbc:IdentificationCode>DK</cbc:IdentificationCode>
				</cac:Country>
			</cac:PostalAddress>
			<cac:PhysicalLocation>
				<cbc:ID>456</cbc:ID>
				<cbc:Description>Text</cbc:Description>
				<cbc:Conditions>Text</cbc:Conditions>
				<cac:Address>
					<cbc:AddressFormatCode listAgencyID="320" listID="urn:oioubl:codelist:addressformatcode-1.1">StructuredDK</cbc:AddressFormatCode>
					<cbc:StreetName>Signatørvej</cbc:StreetName>
					<cbc:BuildingNumber>12</cbc:BuildingNumber>
					<cbc:CityName>Dyssegård</cbc:CityName>
					<cbc:PostalZone>2870</cbc:PostalZone>
					<cac:Country>
						<cbc:IdentificationCode>DK</cbc:IdentificationCode>
					</cac:Country>
				</cac:Address>				
			</cac:PhysicalLocation>
			<cac:PartyTaxScheme>
				<cbc:RegistrationName>Signatør A/S</cbc:RegistrationName>
				<cbc:CompanyID schemeID="DK:SE">DK16356713</cbc:CompanyID>
				<cbc:ExemptionReasonCode>UndtagelsesKode</cbc:ExemptionReasonCode>
				<cbc:ExemptionReason>Undtagelse</cbc:ExemptionReason>
				<cac:RegistrationAddress>
					<cbc:AddressFormatCode listAgencyID="320" listID="urn:oioubl:codelist:addressformatcode-1.1">StructuredDK</cbc:AddressFormatCode>
					<cbc:StreetName>Signatørvej</cbc:StreetName>
					<cbc:BuildingNumber>12</cbc:BuildingNumber>
					<cbc:CityName>Dyssegård</cbc:CityName>
					<cbc:PostalZone>2870</cbc:PostalZone>
					<cac:Country>
						<cbc:IdentificationCode>DK</cbc:IdentificationCode>
					</cac:Country>
				</cac:RegistrationAddress>
				<cac:TaxScheme>
					<cbc:ID schemeAgencyID="320" schemeID="urn:oioubl:id:taxschemeid-1.1">63</cbc:ID>
					<cbc:Name>Moms</cbc:Name>
					<cbc:CurrencyCode>DKK</cbc:CurrencyCode>
				</cac:TaxScheme>
			</cac:PartyTaxScheme>
			<cac:PartyLegalEntity>
				<cbc:RegistrationName>Signatør A/S</cbc:RegistrationName>
				<cbc:CompanyID schemeID="DK:CVR">DK16356714</cbc:CompanyID>
				<cac:RegistrationAddress>
					<cbc:AddressFormatCode listAgencyID="320" listID="urn:oioubl:codelist:addressformatcode-1.1">StructuredDK</cbc:AddressFormatCode>
					<cbc:StreetName>Signatørvej</cbc:StreetName>
					<cbc:BuildingNumber>12</cbc:BuildingNumber>
					<cbc:CityName>Dyssegård</cbc:CityName>
					<cbc:PostalZone>2870</cbc:PostalZone>
					<cac:Country>
						<cbc:IdentificationCode>DK</cbc:IdentificationCode>
					</cac:Country>
				</cac:RegistrationAddress>
			</cac:PartyLegalEntity>
			<cac:Contact>
				<cbc:ID>9000000002</cbc:ID>
				<cbc:Name>Salgsafdelingen</cbc:Name>
				<cbc:Telephone>15812337</cbc:Telephone>
				<cbc:Telefax>15812330</cbc:Telefax>
				<cbc:ElectronicMail>salg@signatør.dk</cbc:ElectronicMail>
				<cbc:Note>tekst</cbc:Note>
				<cac:OtherCommunication>
					<cbc:Channel>Skype</cbc:Channel>
					<cbc:Value>signatør@signatør.dk</cbc:Value>
				</cac:OtherCommunication>
			</cac:Contact>
			<cac:Person>
				<cbc:FirstName>Søren</cbc:FirstName>
				<cbc:FamilyName>Jensen</cbc:FamilyName>
				<cbc:MiddleName>Back</cbc:MiddleName>
			</cac:Person>
		</cac:SignatoryParty>
		<cac:DigitalSignatureAttachment>
			<cbc:EmbeddedDocumentBinaryObject mimeCode="image/tiff">
				TIFF
			</cbc:EmbeddedDocumentBinaryObject>
		</cac:DigitalSignatureAttachment>
		<cac:OriginalDocumentReference>
			<cbc:ID>2345</cbc:ID>
			<cbc:UUID>6E09886B-DC6E-439F-82D1-7CCAC7F4E3B1</cbc:UUID>
			<cbc:IssueDate>2007-02-20</cbc:IssueDate>
			<cbc:DocumentTypeCode>ORG</cbc:DocumentTypeCode>
			<cbc:DocumentType>OriginalDocument</cbc:DocumentType>
			<cac:Attachment>
				<cac:ExternalReference>
					<cbc:URI>http://www.signaturdokumentreference.dk</cbc:URI>
					<cbc:DocumentHash>dkfgqasdfæaljrtg9q0</cbc:DocumentHash>
					<cbc:ExpiryDate>2007-02-20</cbc:ExpiryDate>
					<cbc:ExpiryTime>12:00:00</cbc:ExpiryTime>
				</cac:ExternalReference>
			</cac:Attachment>
		</cac:OriginalDocumentReference>
	</cac:Signature>
	<cac:BuyerCustomerParty>
		<cac:Party>
			<cbc:EndpointID schemeAgencyID="9" schemeID="GLN">5798000416604</cbc:EndpointID>
			<cac:PartyIdentification>
				<cbc:ID schemeAgencyID="9" schemeID="GLN">5798000416604</cbc:ID>
			</cac:PartyIdentification>
			<cac:PartyName>
				<cbc:Name>Den Lille Skole</cbc:Name>
			</cac:PartyName>
			<cac:PostalAddress>
				<cbc:AddressFormatCode listAgencyID="320" listID="urn:oioubl:codelist:addressformatcode-1.1">StructuredDK</cbc:AddressFormatCode>
				<cbc:StreetName>Fredericiavej</cbc:StreetName>
				<cbc:BuildingNumber>10</cbc:BuildingNumber>
				<cbc:CityName>Helsingør</cbc:CityName>
				<cbc:PostalZone>3000</cbc:PostalZone>
				<cac:Country>
					<cbc:IdentificationCode>DK</cbc:IdentificationCode>
				</cac:Country>
			</cac:PostalAddress>
			<cac:PartyTaxScheme>
				<cbc:RegistrationName>Den Lille Skole, indkøb</cbc:RegistrationName>
				<cbc:CompanyID schemeID="DK:SE">DK16356710</cbc:CompanyID>
				<cbc:ExemptionReasonCode>UndtagelsesKode</cbc:ExemptionReasonCode>
				<cbc:ExemptionReason>Undtagelse</cbc:ExemptionReason>
				<cac:RegistrationAddress>
					<cbc:AddressFormatCode listAgencyID="320" listID="urn:oioubl:codelist:addressformatcode-1.1">StructuredDK</cbc:AddressFormatCode>
					<cbc:StreetName>Fredericiavej</cbc:StreetName>
					<cbc:BuildingNumber>10</cbc:BuildingNumber>
					<cbc:CityName>Helsingør</cbc:CityName>
					<cbc:PostalZone>3000</cbc:PostalZone>
					<cac:Country>
						<cbc:IdentificationCode>DK</cbc:IdentificationCode>
					</cac:Country>
				</cac:RegistrationAddress>
				<cac:TaxScheme>
					<cbc:ID schemeAgencyID="320" schemeID="urn:oioubl:id:taxschemeid-1.1">63</cbc:ID>
					<cbc:Name>Moms</cbc:Name>
				</cac:TaxScheme>
			</cac:PartyTaxScheme>
			<cac:PartyLegalEntity>
				<cbc:RegistrationName>Den Lille Skole, indkøb</cbc:RegistrationName>
				<cbc:CompanyID schemeID="DK:CVR">DK16356710</cbc:CompanyID>
				<cac:RegistrationAddress>
					<cbc:AddressFormatCode listAgencyID="320" listID="urn:oioubl:codelist:addressformatcode-1.1">StructuredDK</cbc:AddressFormatCode>
					<cbc:StreetName>Fredericiavej</cbc:StreetName>
					<cbc:BuildingNumber>10</cbc:BuildingNumber>
					<cbc:CityName>Helsingør</cbc:CityName>
					<cbc:PostalZone>3000</cbc:PostalZone>
					<cac:Country>
						<cbc:IdentificationCode>DK</cbc:IdentificationCode>
					</cac:Country>
				</cac:RegistrationAddress>				
			</cac:PartyLegalEntity>
			<cac:Contact>
				<cbc:ID>9000000005</cbc:ID>
				<cbc:Name>Hans Hansen</cbc:Name>
				<cbc:Telephone>26532147</cbc:Telephone>
				<cbc:Telefax>26532140</cbc:Telefax>
				<cbc:ElectronicMail>Hans@dls.dk</cbc:ElectronicMail>
				<cbc:Note>tekst</cbc:Note>
				<cac:OtherCommunication>
					<cbc:Channel>Skype</cbc:Channel>
					<cbc:Value>Hans@dls.dk</cbc:Value>
				</cac:OtherCommunication>
			</cac:Contact>
		</cac:Party>
	</cac:BuyerCustomerParty>
	<cac:SellerSupplierParty>
		<cac:Party>
			<cbc:EndpointID schemeID="DK:CVR">DK16356706</cbc:EndpointID>
			<cac:PartyIdentification>
				<cbc:ID schemeID="DK:CVR">DK12457850</cbc:ID>
			</cac:PartyIdentification>
			<cac:PartyName>
				<cbc:Name>Tavleverandøren</cbc:Name>
			</cac:PartyName>
			<cac:PostalAddress>
				<cbc:AddressFormatCode listAgencyID="320" listID="urn:oioubl:codelist:addressformatcode-1.1">StructuredDK</cbc:AddressFormatCode>
				<cbc:StreetName>Leverandørvej</cbc:StreetName>
				<cbc:BuildingNumber>11</cbc:BuildingNumber>
				<cbc:CityName>Dyssegård</cbc:CityName>
				<cbc:PostalZone>2870</cbc:PostalZone>
				<cac:Country>
					<cbc:IdentificationCode>DK</cbc:IdentificationCode>
				</cac:Country>
			</cac:PostalAddress>
			<cac:PartyTaxScheme>
				<cbc:RegistrationName>Tavleverandøren</cbc:RegistrationName>
				<cbc:CompanyID schemeID="DK:SE">DK16356706</cbc:CompanyID>
				<cbc:ExemptionReasonCode>UndtagelsesKode</cbc:ExemptionReasonCode>
				<cbc:ExemptionReason>Undtagelse</cbc:ExemptionReason>
				<cac:RegistrationAddress>
					<cbc:AddressFormatCode listAgencyID="320" listID="urn:oioubl:codelist:addressformatcode-1.1">StructuredDK</cbc:AddressFormatCode>
					<cbc:StreetName>Leverandørvej</cbc:StreetName>
					<cbc:BuildingNumber>11</cbc:BuildingNumber>
					<cbc:CityName>Dyssegård</cbc:CityName>
					<cbc:PostalZone>2870</cbc:PostalZone>
					<cac:Country>
						<cbc:IdentificationCode>DK</cbc:IdentificationCode>
					</cac:Country>
				</cac:RegistrationAddress>
				<cac:TaxScheme>
					<cbc:ID schemeAgencyID="320" schemeID="urn:oioubl:id:taxschemeid-1.1">63</cbc:ID>
					<cbc:Name>Moms</cbc:Name>
					<cbc:CurrencyCode>DKK</cbc:CurrencyCode>					
				</cac:TaxScheme>
			</cac:PartyTaxScheme>
			<cac:PartyLegalEntity>
				<cbc:RegistrationName>Tavleleverandøren</cbc:RegistrationName>
				<cbc:CompanyID schemeID="DK:CVR">DK16356799</cbc:CompanyID>
				<cac:RegistrationAddress>
					<cbc:AddressFormatCode listAgencyID="320" listID="urn:oioubl:codelist:addressformatcode-1.1">StructuredDK</cbc:AddressFormatCode>
					<cbc:StreetName>Signatørvej</cbc:StreetName>
					<cbc:BuildingNumber>12</cbc:BuildingNumber>
					<cbc:CityName>Dyssegård</cbc:CityName>
					<cbc:PostalZone>2870</cbc:PostalZone>
					<cac:Country>
						<cbc:IdentificationCode>DK</cbc:IdentificationCode>
					</cac:Country>
				</cac:RegistrationAddress>				
			</cac:PartyLegalEntity>
			<cac:Contact>
				<cbc:ID>23456</cbc:ID>
				<cbc:Name>Hugo Jensen</cbc:Name>
				<cbc:Telephone>15812337</cbc:Telephone>
				<cbc:Telefax>15812330</cbc:Telefax>
				<cbc:ElectronicMail>Hugo@tavl.dk</cbc:ElectronicMail>
				<cbc:Note>tekst</cbc:Note>
				<cac:OtherCommunication>
					<cbc:Channel>Skype</cbc:Channel>
					<cbc:Value>Hugo@tavl.dk</cbc:Value>
				</cac:OtherCommunication>
			</cac:Contact>
			<cac:Person>
				<cbc:FirstName>Hugo</cbc:FirstName>
				<cbc:FamilyName>Jensen</cbc:FamilyName>
				<cbc:MiddleName>Holm</cbc:MiddleName>
			</cac:Person>
		</cac:Party>
	</cac:SellerSupplierParty>
	<cac:OriginatorCustomerParty>
		<cac:Party>
			<cbc:EndpointID schemeAgencyID="9" schemeID="GLN">5798000416605</cbc:EndpointID>
			<cac:PartyIdentification>
				<cbc:ID schemeAgencyID="9" schemeID="GLN">5798000416605</cbc:ID>
			</cac:PartyIdentification>
			<cac:PartyName>
				<cbc:Name>Den Lille Skole, kunde</cbc:Name>
			</cac:PartyName>
			<cac:PostalAddress>
				<cbc:AddressFormatCode listAgencyID="320" listID="urn:oioubl:codelist:addressformatcode-1.1">StructuredDK</cbc:AddressFormatCode>
				<cbc:StreetName>Fredericiavej</cbc:StreetName>
				<cbc:BuildingNumber>10</cbc:BuildingNumber>
				<cbc:CityName>Helsingør</cbc:CityName>
				<cbc:PostalZone>3000</cbc:PostalZone>
				<cac:Country>
					<cbc:IdentificationCode>DK</cbc:IdentificationCode>
				</cac:Country>
			</cac:PostalAddress>
			<cac:PartyTaxScheme>
				<cbc:RegistrationName>Den Lille Skole, indkøb</cbc:RegistrationName>
				<cbc:CompanyID schemeID="DK:SE">DK16356710</cbc:CompanyID>
				<cbc:ExemptionReasonCode>UndtagelsesKode</cbc:ExemptionReasonCode>
				<cbc:ExemptionReason>Undtagelse</cbc:ExemptionReason>
				<cac:RegistrationAddress>
					<cbc:AddressFormatCode listAgencyID="320" listID="urn:oioubl:codelist:addressformatcode-1.1">StructuredDK</cbc:AddressFormatCode>
					<cbc:StreetName>Fredericiavej</cbc:StreetName>
					<cbc:BuildingNumber>10</cbc:BuildingNumber>
					<cbc:CityName>Helsingør</cbc:CityName>
					<cbc:PostalZone>3000</cbc:PostalZone>
					<cac:Country>
						<cbc:IdentificationCode>DK</cbc:IdentificationCode>
					</cac:Country>
				</cac:RegistrationAddress>
				<cac:TaxScheme>
					<cbc:ID schemeAgencyID="320" schemeID="urn:oioubl:id:taxschemeid-1.1">63</cbc:ID>
					<cbc:Name>Moms</cbc:Name>
				</cac:TaxScheme>
			</cac:PartyTaxScheme>
			<cac:PartyLegalEntity>
				<cbc:RegistrationName>Den Lille Skole, indkøb</cbc:RegistrationName>
				<cbc:CompanyID schemeID="DK:CVR">DK16356710</cbc:CompanyID>
				<cac:RegistrationAddress>
					<cbc:AddressFormatCode listAgencyID="320" listID="urn:oioubl:codelist:addressformatcode-1.1">StructuredDK</cbc:AddressFormatCode>
					<cbc:StreetName>Fredericiavej</cbc:StreetName>
					<cbc:BuildingNumber>10</cbc:BuildingNumber>
					<cbc:CityName>Helsingør</cbc:CityName>
					<cbc:PostalZone>3000</cbc:PostalZone>
					<cac:Country>
						<cbc:IdentificationCode>DK</cbc:IdentificationCode>
					</cac:Country>
				</cac:RegistrationAddress>				
			</cac:PartyLegalEntity>
			<cac:Contact>
				<cbc:ID>9000000005</cbc:ID>
				<cbc:Name>Hans Hansen</cbc:Name>
				<cbc:Telephone>26532147</cbc:Telephone>
				<cbc:Telefax>26532140</cbc:Telefax>
				<cbc:ElectronicMail>Hans@dls.dk</cbc:ElectronicMail>
				<cbc:Note>tekst</cbc:Note>
				<cac:OtherCommunication>
					<cbc:Channel>Skype</cbc:Channel>
					<cbc:Value>Hans@dls.dk</cbc:Value>
				</cac:OtherCommunication>
			</cac:Contact>
		</cac:Party>
	</cac:OriginatorCustomerParty>
	<cac:AccountingCustomerParty>
		<cac:Party>
			<cbc:EndpointID schemeAgencyID="9" schemeID="GLN">5798000416605</cbc:EndpointID>
			<cac:PartyIdentification>
				<cbc:ID schemeAgencyID="9" schemeID="GLN">5798000416605</cbc:ID>
			</cac:PartyIdentification>
			<cac:PartyName>
				<cbc:Name>Den Lille Skole, kunde</cbc:Name>
			</cac:PartyName>
			<cac:PostalAddress>
				<cbc:AddressFormatCode listAgencyID="320" listID="urn:oioubl:codelist:addressformatcode-1.1">StructuredDK</cbc:AddressFormatCode>
				<cbc:StreetName>Fredericiavej</cbc:StreetName>
				<cbc:BuildingNumber>10</cbc:BuildingNumber>
				<cbc:CityName>Helsingør</cbc:CityName>
				<cbc:PostalZone>3000</cbc:PostalZone>
				<cac:Country>
					<cbc:IdentificationCode>DK</cbc:IdentificationCode>
				</cac:Country>
			</cac:PostalAddress>
			<cac:PartyTaxScheme>
				<cbc:RegistrationName>Den Lille Skole, adm</cbc:RegistrationName>
				<cbc:CompanyID schemeID="DK:SE">DK16356710</cbc:CompanyID>
				<cbc:ExemptionReasonCode>UndtagelsesKode</cbc:ExemptionReasonCode>
				<cbc:ExemptionReason>Undtagelse</cbc:ExemptionReason>
				<cac:RegistrationAddress>
					<cbc:AddressFormatCode listAgencyID="320" listID="urn:oioubl:codelist:addressformatcode-1.1">StructuredDK</cbc:AddressFormatCode>
					<cbc:StreetName>Fredericiavej</cbc:StreetName>
					<cbc:BuildingNumber>10</cbc:BuildingNumber>
					<cbc:CityName>Helsingør</cbc:CityName>
					<cbc:PostalZone>3000</cbc:PostalZone>
					<cac:Country>
						<cbc:IdentificationCode>DK</cbc:IdentificationCode>
					</cac:Country>
				</cac:RegistrationAddress>
				<cac:TaxScheme>
					<cbc:ID schemeAgencyID="320" schemeID="urn:oioubl:id:taxschemeid-1.1">63</cbc:ID>
					<cbc:Name>Moms</cbc:Name>
				</cac:TaxScheme>
			</cac:PartyTaxScheme>
			<cac:PartyLegalEntity>
				<cbc:RegistrationName>Den Lille Skole, indkøb</cbc:RegistrationName>
				<cbc:CompanyID schemeID="DK:CVR">DK16356710</cbc:CompanyID>
				<cac:RegistrationAddress>
					<cbc:AddressFormatCode listAgencyID="320" listID="urn:oioubl:codelist:addressformatcode-1.1">StructuredDK</cbc:AddressFormatCode>
					<cbc:StreetName>Fredericiavej</cbc:StreetName>
					<cbc:BuildingNumber>10</cbc:BuildingNumber>
					<cbc:CityName>Helsingør</cbc:CityName>
					<cbc:PostalZone>3000</cbc:PostalZone>
					<cac:Country>
						<cbc:IdentificationCode>DK</cbc:IdentificationCode>
					</cac:Country>
				</cac:RegistrationAddress>				
			</cac:PartyLegalEntity>
			<cac:Contact>
				<cbc:ID>9000000005</cbc:ID>
				<cbc:Name>Hans Hansen</cbc:Name>
				<cbc:Telephone>26532147</cbc:Telephone>
				<cbc:Telefax>26532140</cbc:Telefax>
				<cbc:ElectronicMail>Hans@dls.dk</cbc:ElectronicMail>
				<cbc:Note>tekst</cbc:Note>
				<cac:OtherCommunication>
					<cbc:Channel>Skype</cbc:Channel>
					<cbc:Value>Hans@dls.dk</cbc:Value>
				</cac:OtherCommunication>
			</cac:Contact>
		</cac:Party>
	</cac:AccountingCustomerParty>
	<cac:Delivery>
		<cbc:LatestDeliveryDate>2007-02-25</cbc:LatestDeliveryDate>
		<cbc:LatestDeliveryTime>12:00:00</cbc:LatestDeliveryTime>
		<cac:DeliveryLocation>
			<cbc:ID>5551</cbc:ID>
			<cbc:Description>Skal overdrages personligt</cbc:Description>
			<cbc:Conditions>Før kl. 12</cbc:Conditions>
			<cac:Address>
				<cbc:AddressFormatCode listAgencyID="320" listID="urn:oioubl:codelist:addressformatcode-1.1">StructuredDK</cbc:AddressFormatCode>
				<cbc:StreetName>Fredericiavej</cbc:StreetName>
				<cbc:BuildingNumber>10</cbc:BuildingNumber>
				<cbc:CityName>Helsingør</cbc:CityName>
				<cbc:PostalZone>3100</cbc:PostalZone>
				<cac:Country>
					<cbc:IdentificationCode>DK</cbc:IdentificationCode>
				</cac:Country>
			</cac:Address>
		</cac:DeliveryLocation>
		<cac:RequestedDeliveryPeriod>
			<cbc:StartDate>2006-12-14</cbc:StartDate>
			<cbc:EndDate>2006-12-14</cbc:EndDate>
			<cbc:Description>tekst</cbc:Description>
		</cac:RequestedDeliveryPeriod>
		<cac:DeliveryParty>
			<cbc:EndpointID schemeAgencyID="9" schemeID="GLN">5798000416607</cbc:EndpointID>
			<cac:PartyIdentification>
				<cbc:ID schemeAgencyID="9" schemeID="GLN">5798000416607</cbc:ID>
			</cac:PartyIdentification>
			<cac:PartyName>
				<cbc:Name>Den lille skole (vare modtagelse)</cbc:Name>
			</cac:PartyName>
			<cac:PostalAddress>
				<cbc:AddressFormatCode listAgencyID="320" listID="urn:oioubl:codelist:addressformatcode-1.1">StructuredDK</cbc:AddressFormatCode>
				<cbc:StreetName>Fredericiavej</cbc:StreetName>
				<cbc:BuildingNumber>100</cbc:BuildingNumber>
				<cbc:CityName>Helsingør</cbc:CityName>
				<cbc:PostalZone>3000</cbc:PostalZone>
				<cac:Country>
					<cbc:IdentificationCode>DK</cbc:IdentificationCode>
				</cac:Country>
			</cac:PostalAddress>
			<cac:PhysicalLocation>
				<cbc:ID>456</cbc:ID>
				<cbc:Description>Text</cbc:Description>
				<cbc:Conditions>Text</cbc:Conditions>
				<cac:Address>
					<cbc:AddressFormatCode listAgencyID="320" listID="urn:oioubl:codelist:addressformatcode-1.1">StructuredDK</cbc:AddressFormatCode>
					<cbc:StreetName>Fredericiavej</cbc:StreetName>
					<cbc:BuildingNumber>10</cbc:BuildingNumber>
					<cbc:CityName>Helsingør</cbc:CityName>
					<cbc:PostalZone>3000</cbc:PostalZone>
					<cac:Country>
						<cbc:IdentificationCode>DK</cbc:IdentificationCode>
					</cac:Country>
				</cac:Address>				
			</cac:PhysicalLocation>
			<cac:PartyTaxScheme>
				<cbc:RegistrationName>Den lille skole</cbc:RegistrationName>
				<cbc:CompanyID schemeID="DK:SE">DK16356709</cbc:CompanyID>
				<cbc:ExemptionReasonCode>UndtagelsesKode</cbc:ExemptionReasonCode>
				<cbc:ExemptionReason>Undtagelse</cbc:ExemptionReason>
				<cac:RegistrationAddress>
					<cbc:AddressFormatCode listAgencyID="320" listID="urn:oioubl:codelist:addressformatcode-1.1">StructuredDK</cbc:AddressFormatCode>
					<cbc:StreetName>Fredericiavej</cbc:StreetName>
					<cbc:BuildingNumber>10</cbc:BuildingNumber>
					<cbc:CityName>Helsingør</cbc:CityName>
					<cbc:PostalZone>3000</cbc:PostalZone>
					<cac:Country>
						<cbc:IdentificationCode>DK</cbc:IdentificationCode>
					</cac:Country>
				</cac:RegistrationAddress>
				<cac:TaxScheme>
					<cbc:ID schemeAgencyID="320" schemeID="urn:oioubl:id:taxschemeid-1.1">63</cbc:ID>
					<cbc:Name>Moms</cbc:Name>
					<cbc:CurrencyCode>DKK</cbc:CurrencyCode>
				</cac:TaxScheme>
			</cac:PartyTaxScheme>
			<cac:PartyLegalEntity>
				<cbc:RegistrationName>Den lille skole</cbc:RegistrationName>
				<cbc:CompanyID schemeID="DK:CVR">DK16356709</cbc:CompanyID>
				<cac:RegistrationAddress>
					<cbc:AddressFormatCode listAgencyID="320" listID="urn:oioubl:codelist:addressformatcode-1.1">StructuredDK</cbc:AddressFormatCode>
					<cbc:StreetName>Fredericiavej</cbc:StreetName>
					<cbc:BuildingNumber>10</cbc:BuildingNumber>
					<cbc:CityName>Helsingør</cbc:CityName>
					<cbc:PostalZone>3000</cbc:PostalZone>
					<cac:Country>
						<cbc:IdentificationCode>DK</cbc:IdentificationCode>
					</cac:Country>
				</cac:RegistrationAddress>
			</cac:PartyLegalEntity>
			<cac:Contact>
				<cbc:ID>9000000005</cbc:ID>
				<cbc:Name>Hans Hansen</cbc:Name>
				<cbc:Telephone>15812337</cbc:Telephone>
				<cbc:Telefax>15812330</cbc:Telefax>
				<cbc:ElectronicMail>Hans@dls.dk</cbc:ElectronicMail>
				<cbc:Note>tekst</cbc:Note>
				<cac:OtherCommunication>
					<cbc:Channel>Skype</cbc:Channel>
					<cbc:Value>Hans@dls.dk</cbc:Value>
				</cac:OtherCommunication>
			</cac:Contact>
			<cac:Person>
				<cbc:FirstName>Hans</cbc:FirstName>
				<cbc:FamilyName>Hansen</cbc:FamilyName>
				<cbc:MiddleName>H.</cbc:MiddleName>
			</cac:Person>
		</cac:DeliveryParty>
	</cac:Delivery>
	<cac:DeliveryTerms>
		<cbc:ID>INCOTERMS</cbc:ID>
		<cbc:LossRiskResponsibilityCode>FOB</cbc:LossRiskResponsibilityCode>
		<cac:DeliveryLocation>
			<cbc:ID>5552</cbc:ID>
			<cbc:Description>Skal leveres hertil</cbc:Description>
			<cbc:Conditions>Før kl. 12</cbc:Conditions>
			<cac:Address>
				<cbc:AddressFormatCode listAgencyID="320" listID="urn:oioubl:codelist:addressformatcode-1.1">StructuredLax</cbc:AddressFormatCode>
				<cbc:Postbox>1234</cbc:Postbox>
			</cac:Address>
		</cac:DeliveryLocation>
	</cac:DeliveryTerms>
	<cac:AllowanceCharge>
		<cbc:ID>AC_1234</cbc:ID>
		<cbc:ChargeIndicator>true</cbc:ChargeIndicator>
		<cbc:AllowanceChargeReason>Fragt</cbc:AllowanceChargeReason>
		<cbc:MultiplierFactorNumeric>0.1</cbc:MultiplierFactorNumeric>
		<cbc:SequenceNumeric>1</cbc:SequenceNumeric>
		<cbc:Amount currencyID="DKK">15.00</cbc:Amount>
		<cbc:BaseAmount currencyID="DKK">150.00</cbc:BaseAmount>
		<cbc:AccountingCost>123456789</cbc:AccountingCost>
		<cac:TaxCategory>
			<cbc:ID schemeAgencyID="320" schemeID="urn:oioubl:id:taxcategoryid-1.1">StandardRated</cbc:ID>
			<cbc:Percent>25</cbc:Percent>
			<cbc:BaseUnitMeasure unitCode="EA">1</cbc:BaseUnitMeasure>
			<cbc:PerUnitAmount currencyID="DKK">10</cbc:PerUnitAmount>
			<cac:TaxScheme>
				<cbc:ID schemeAgencyID="320" schemeID="urn:oioubl:id:taxschemeid-1.1">63</cbc:ID>
				<cbc:Name>Moms</cbc:Name>
				<cbc:CurrencyCode>DKK</cbc:CurrencyCode>					
			</cac:TaxScheme>
		</cac:TaxCategory>
	</cac:AllowanceCharge>
	<cac:TaxTotal>
		<cbc:TaxAmount currencyID="DKK">1262.50</cbc:TaxAmount>
		<cac:TaxSubtotal>
			<cbc:TaxableAmount currencyID="DKK">5050.00</cbc:TaxableAmount>
			<cbc:TaxAmount currencyID="DKK">1262.50</cbc:TaxAmount>
			<cbc:CalculationSequenceNumeric>1</cbc:CalculationSequenceNumeric>
			<cbc:TransactionCurrencyTaxAmount currencyID="DKK">10.00</cbc:TransactionCurrencyTaxAmount>
			<cac:TaxCategory>
				<cbc:ID schemeAgencyID="320" schemeID="urn:oioubl:id:taxcategoryid-1.1">StandardRated</cbc:ID>
				<cbc:Percent>25</cbc:Percent>
				<cbc:BaseUnitMeasure unitCode="EA">1</cbc:BaseUnitMeasure>
				<cbc:PerUnitAmount currencyID="DKK">10.00</cbc:PerUnitAmount>
				<cac:TaxScheme>
					<cbc:ID schemeAgencyID="320" schemeID="urn:oioubl:id:taxschemeid-1.1">63</cbc:ID>
					<cbc:Name>Moms</cbc:Name>
					<cbc:CurrencyCode>DKK</cbc:CurrencyCode>
				</cac:TaxScheme>
			</cac:TaxCategory>
		</cac:TaxSubtotal>
	</cac:TaxTotal>
	<cac:AnticipatedMonetaryTotal>
		<cbc:LineExtensionAmount currencyID="DKK">5000.00</cbc:LineExtensionAmount>
		<cbc:TaxExclusiveAmount currencyID="DKK">1262.50</cbc:TaxExclusiveAmount>
		<cbc:TaxInclusiveAmount currencyID="DKK">6277.50</cbc:TaxInclusiveAmount>
		<cbc:ChargeTotalAmount currencyID="DKK">15.00</cbc:ChargeTotalAmount>
		<cbc:PayableAmount currencyID="DKK">6277.50</cbc:PayableAmount>
	</cac:AnticipatedMonetaryTotal>
	
	
	<cac:OrderLine>
		<cbc:Note>OrderLine note</cbc:Note>
		<cac:LineItem>
			<cbc:ID>1</cbc:ID>
			<cbc:Note>Note på ordrelinjen</cbc:Note>
			<cbc:Quantity unitCode="EA">1.00</cbc:Quantity>
			<cbc:LineExtensionAmount currencyID="DKK">5000.00</cbc:LineExtensionAmount>
			<cbc:TotalTaxAmount currencyID="DKK">10.00</cbc:TotalTaxAmount>
			<cbc:MinimumQuantity unitCode="EA">1</cbc:MinimumQuantity>
			<cbc:MaximumQuantity unitCode="EA">3</cbc:MaximumQuantity>
			<cbc:MinimumBackorderQuantity unitCode="EA">100</cbc:MinimumBackorderQuantity>
			<cbc:MaximumBackorderQuantity unitCode="EA">1000</cbc:MaximumBackorderQuantity>
			<cbc:InspectionMethodCode>inspektionkode</cbc:InspectionMethodCode>
			<cbc:PartialDeliveryIndicator>true</cbc:PartialDeliveryIndicator>
			<cbc:BackOrderAllowedIndicator>true</cbc:BackOrderAllowedIndicator>
			<cbc:AccountingCost>234567890</cbc:AccountingCost>
			<cac:Delivery>
				<cbc:Quantity unitCode="EA">1</cbc:Quantity>
				<cbc:LatestDeliveryDate>2007-02-25</cbc:LatestDeliveryDate>
				<cbc:LatestDeliveryTime>12:00:00</cbc:LatestDeliveryTime>		
				<cac:DeliveryLocation>
					<cbc:ID>5551</cbc:ID>
					<cbc:Description>Skal overdrages personligt</cbc:Description>
					<cbc:Conditions>Før kl. 12</cbc:Conditions>
					<cac:Address>
						<cbc:AddressFormatCode listAgencyID="320" listID="urn:oioubl:codelist:addressformatcode-1.1">StructuredDK</cbc:AddressFormatCode>
						<cbc:StreetName>Fredericiavej</cbc:StreetName>
						<cbc:BuildingNumber>10</cbc:BuildingNumber>
						<cbc:CityName>Helsingør</cbc:CityName>
						<cbc:PostalZone>3100</cbc:PostalZone>
						<cac:Country>
							<cbc:IdentificationCode>DK</cbc:IdentificationCode>
						</cac:Country>
					</cac:Address>
				</cac:DeliveryLocation>
				<cac:RequestedDeliveryPeriod>
					<cbc:StartDate>2006-12-14</cbc:StartDate>
					<cbc:EndDate>2006-12-14</cbc:EndDate>
					<cbc:Description>tekst</cbc:Description>
				</cac:RequestedDeliveryPeriod>
				<cac:DeliveryParty>
					<cbc:EndpointID schemeAgencyID="9" schemeID="GLN">5798000416604</cbc:EndpointID>
					<cac:PartyIdentification>
						<cbc:ID schemeAgencyID="9" schemeID="GLN">5798000416604</cbc:ID>
					</cac:PartyIdentification>
					<cac:PartyName>
						<cbc:Name>Den lille skole</cbc:Name>
					</cac:PartyName>
					<cac:PostalAddress>
						<cbc:AddressFormatCode listAgencyID="320" listID="urn:oioubl:codelist:addressformatcode-1.1">StructuredDK</cbc:AddressFormatCode>
						<cbc:StreetName>Fredericiavej</cbc:StreetName>
						<cbc:BuildingNumber>10</cbc:BuildingNumber>
						<cbc:CityName>Helsingør</cbc:CityName>
						<cbc:PostalZone>3000</cbc:PostalZone>
						<cac:Country>
							<cbc:IdentificationCode>DK</cbc:IdentificationCode>
						</cac:Country>
					</cac:PostalAddress>
					<cac:PhysicalLocation>
						<cbc:ID>456</cbc:ID>
						<cbc:Description>Text</cbc:Description>
						<cbc:Conditions>Text</cbc:Conditions>
						<cac:Address>
							<cbc:AddressFormatCode listAgencyID="320" listID="urn:oioubl:codelist:addressformatcode-1.1">StructuredDK</cbc:AddressFormatCode>
							<cbc:StreetName>Fredericiavej</cbc:StreetName>
							<cbc:BuildingNumber>10</cbc:BuildingNumber>
							<cbc:CityName>Helsingør</cbc:CityName>
							<cbc:PostalZone>3000</cbc:PostalZone>
							<cac:Country>
								<cbc:IdentificationCode>DK</cbc:IdentificationCode>
							</cac:Country>
						</cac:Address>				
					</cac:PhysicalLocation>
					<cac:PartyTaxScheme>
						<cbc:RegistrationName>Den lille skole</cbc:RegistrationName>
						<cbc:CompanyID schemeID="DK:SE">DK16356709</cbc:CompanyID>
						<cbc:ExemptionReasonCode>UndtagelsesKode</cbc:ExemptionReasonCode>
						<cbc:ExemptionReason>Undtagelse</cbc:ExemptionReason>
						<cac:RegistrationAddress>
							<cbc:AddressFormatCode listAgencyID="320" listID="urn:oioubl:codelist:addressformatcode-1.1">StructuredDK</cbc:AddressFormatCode>
							<cbc:StreetName>Fredericiavej</cbc:StreetName>
							<cbc:BuildingNumber>10</cbc:BuildingNumber>
							<cbc:CityName>Helsingør</cbc:CityName>
							<cbc:PostalZone>3000</cbc:PostalZone>
							<cac:Country>
								<cbc:IdentificationCode>DK</cbc:IdentificationCode>
							</cac:Country>
						</cac:RegistrationAddress>
						<cac:TaxScheme>
							<cbc:ID schemeAgencyID="320" schemeID="urn:oioubl:id:taxschemeid-1.1">63</cbc:ID>
							<cbc:Name>Moms</cbc:Name>
							<cbc:CurrencyCode>DKK</cbc:CurrencyCode>
						</cac:TaxScheme>
					</cac:PartyTaxScheme>
					<cac:PartyLegalEntity>
						<cbc:RegistrationName>Den lille skole</cbc:RegistrationName>
						<cbc:CompanyID schemeID="DK:CVR">DK16356709</cbc:CompanyID>
						<cac:RegistrationAddress>
							<cbc:AddressFormatCode listAgencyID="320" listID="urn:oioubl:codelist:addressformatcode-1.1">StructuredDK</cbc:AddressFormatCode>
							<cbc:StreetName>Fredericiavej</cbc:StreetName>
							<cbc:BuildingNumber>10</cbc:BuildingNumber>
							<cbc:CityName>Helsingør</cbc:CityName>
							<cbc:PostalZone>3000</cbc:PostalZone>
							<cac:Country>
								<cbc:IdentificationCode>DK</cbc:IdentificationCode>
							</cac:Country>
						</cac:RegistrationAddress>
					</cac:PartyLegalEntity>
					<cac:Contact>
						<cbc:ID>9000000005</cbc:ID>
						<cbc:Name>Hans Hansen</cbc:Name>
						<cbc:Telephone>15812337</cbc:Telephone>
						<cbc:Telefax>15812330</cbc:Telefax>
						<cbc:ElectronicMail>Hans@dls.dk</cbc:ElectronicMail>
						<cbc:Note>tekst</cbc:Note>
						<cac:OtherCommunication>
							<cbc:Channel>Skype</cbc:Channel>
							<cbc:Value>Hans@dls.dk</cbc:Value>
						</cac:OtherCommunication>
					</cac:Contact>
					<cac:Person>
						<cbc:FirstName>Hans</cbc:FirstName>
						<cbc:FamilyName>Hansen</cbc:FamilyName>
						<cbc:MiddleName>H.</cbc:MiddleName>
					</cac:Person>
				</cac:DeliveryParty>
			</cac:Delivery>
			<cac:OriginatorParty>
				<cbc:EndpointID schemeAgencyID="9" schemeID="GLN">5798000416605</cbc:EndpointID>
				<cac:PartyIdentification>
					<cbc:ID schemeAgencyID="9" schemeID="GLN">5798000416605</cbc:ID>
				</cac:PartyIdentification>
				<cac:PartyName>
					<cbc:Name>Den Lille Skole, kunde</cbc:Name>
				</cac:PartyName>
				<cac:PostalAddress>
					<cbc:AddressFormatCode listAgencyID="320" listID="urn:oioubl:codelist:addressformatcode-1.1">StructuredDK</cbc:AddressFormatCode>
					<cbc:StreetName>Fredericiavej</cbc:StreetName>
					<cbc:BuildingNumber>10</cbc:BuildingNumber>
					<cbc:CityName>Helsingør</cbc:CityName>
					<cbc:PostalZone>3000</cbc:PostalZone>
					<cac:Country>
						<cbc:IdentificationCode>DK</cbc:IdentificationCode>
					</cac:Country>
				</cac:PostalAddress>
				<cac:PhysicalLocation>
					<cbc:ID>456</cbc:ID>
					<cbc:Description>Text</cbc:Description>
					<cbc:Conditions>Text</cbc:Conditions>
					<cac:Address>
						<cbc:AddressFormatCode listAgencyID="320" listID="urn:oioubl:codelist:addressformatcode-1.1">StructuredDK</cbc:AddressFormatCode>
						<cbc:StreetName>Signatørvej</cbc:StreetName>
						<cbc:BuildingNumber>12</cbc:BuildingNumber>
						<cbc:CityName>Dyssegård</cbc:CityName>
						<cbc:PostalZone>2870</cbc:PostalZone>
						<cac:Country>
							<cbc:IdentificationCode>DK</cbc:IdentificationCode>
						</cac:Country>
					</cac:Address>				
				</cac:PhysicalLocation>
				<cac:PartyTaxScheme>
					<cbc:RegistrationName>Den Lille Skole, indkøb</cbc:RegistrationName>
					<cbc:CompanyID schemeID="DK:SE">DK16356710</cbc:CompanyID>
					<cbc:ExemptionReasonCode>UndtagelsesKode</cbc:ExemptionReasonCode>
					<cbc:ExemptionReason>Undtagelse</cbc:ExemptionReason>
					<cac:RegistrationAddress>
						<cbc:AddressFormatCode listAgencyID="320" listID="urn:oioubl:codelist:addressformatcode-1.1">StructuredDK</cbc:AddressFormatCode>
						<cbc:StreetName>Fredericiavej</cbc:StreetName>
						<cbc:BuildingNumber>10</cbc:BuildingNumber>
						<cbc:CityName>Helsingør</cbc:CityName>
						<cbc:PostalZone>3000</cbc:PostalZone>
						<cac:Country>
							<cbc:IdentificationCode>DK</cbc:IdentificationCode>
						</cac:Country>
					</cac:RegistrationAddress>
					<cac:TaxScheme>
						<cbc:ID schemeAgencyID="320" schemeID="urn:oioubl:id:taxschemeid-1.1">63</cbc:ID>
						<cbc:Name>Moms</cbc:Name>
					</cac:TaxScheme>
				</cac:PartyTaxScheme>
				<cac:PartyLegalEntity>
					<cbc:RegistrationName>Den Lille Skole, indkøb</cbc:RegistrationName>
					<cbc:CompanyID schemeID="DK:CVR">DK16356710</cbc:CompanyID>
					<cac:RegistrationAddress>
						<cbc:AddressFormatCode listAgencyID="320" listID="urn:oioubl:codelist:addressformatcode-1.1">StructuredDK</cbc:AddressFormatCode>
						<cbc:StreetName>Fredericiavej</cbc:StreetName>
						<cbc:BuildingNumber>10</cbc:BuildingNumber>
						<cbc:CityName>Helsingør</cbc:CityName>
						<cbc:PostalZone>3000</cbc:PostalZone>
						<cac:Country>
							<cbc:IdentificationCode>DK</cbc:IdentificationCode>
						</cac:Country>
					</cac:RegistrationAddress>				
				</cac:PartyLegalEntity>
				<cac:Contact>
					<cbc:ID>9000000005</cbc:ID>
					<cbc:Name>Hans Hansen</cbc:Name>
					<cbc:Telephone>26532147</cbc:Telephone>
					<cbc:Telefax>26532140</cbc:Telefax>
					<cbc:ElectronicMail>Hans@dls.dk</cbc:ElectronicMail>
					<cbc:Note>tekst</cbc:Note>
					<cac:OtherCommunication>
						<cbc:Channel>Skype</cbc:Channel>
						<cbc:Value>Hans@dls.dk</cbc:Value>
					</cac:OtherCommunication>
				</cac:Contact>
				<cac:Person>
					<cbc:FirstName>Hans</cbc:FirstName>
					<cbc:FamilyName>Hansen</cbc:FamilyName>
					<cbc:MiddleName>Holm</cbc:MiddleName>
				</cac:Person>			
			</cac:OriginatorParty>
			<cac:AllowanceCharge>
				<cbc:ID>AC_1234</cbc:ID>
				<cbc:ChargeIndicator>true</cbc:ChargeIndicator>
				<cbc:AllowanceChargeReason>Fragt</cbc:AllowanceChargeReason>
				<cbc:MultiplierFactorNumeric>0.1</cbc:MultiplierFactorNumeric>
				<cbc:SequenceNumeric>1</cbc:SequenceNumeric>
				<cbc:Amount currencyID="DKK">15.00</cbc:Amount>
				<cbc:BaseAmount currencyID="DKK">150.00</cbc:BaseAmount>
				<cbc:AccountingCost>123456789</cbc:AccountingCost>
				<cac:TaxCategory>
					<cbc:ID schemeAgencyID="320" schemeID="urn:oioubl:id:taxcategoryid-1.1">StandardRated</cbc:ID>
					<cbc:Percent>25</cbc:Percent>
					<cbc:BaseUnitMeasure unitCode="EA">1</cbc:BaseUnitMeasure>
					<cbc:PerUnitAmount currencyID="DKK">10</cbc:PerUnitAmount>
					<cac:TaxScheme>
						<cbc:ID schemeAgencyID="320" schemeID="urn:oioubl:id:taxschemeid-1.1">63</cbc:ID>
						<cbc:Name>Moms</cbc:Name>
						<cbc:CurrencyCode>DKK</cbc:CurrencyCode>					
					</cac:TaxScheme>
				</cac:TaxCategory>
			</cac:AllowanceCharge>
			<cac:Price>
				<cbc:PriceAmount currencyID="DKK">5000.00</cbc:PriceAmount>
				<cbc:BaseQuantity unitCode="EA">1</cbc:BaseQuantity>
				<cbc:PriceTypeCode listAgencyID="6" listID="UN/ECE 5387">111</cbc:PriceTypeCode>
				<cbc:PriceType>222</cbc:PriceType>
				<cbc:OrderableUnitFactorRate>1</cbc:OrderableUnitFactorRate>
				<cac:ValidityPeriod>
					<cbc:StartDate>2006-12-12</cbc:StartDate>
					<cbc:EndDate>2006-12-31</cbc:EndDate>
					<cbc:Description>tekst</cbc:Description>
				</cac:ValidityPeriod>
				<cac:AllowanceCharge>
					<cbc:ID>222</cbc:ID>
					<cbc:ChargeIndicator>true</cbc:ChargeIndicator>
					<cbc:AllowanceChargeReason>Emballageafgift</cbc:AllowanceChargeReason>
					<cbc:MultiplierFactorNumeric>0.1</cbc:MultiplierFactorNumeric>
					<cbc:SequenceNumeric>1</cbc:SequenceNumeric>
					<cbc:Amount currencyID="DKK">500.00</cbc:Amount>
					<cbc:BaseAmount currencyID="DKK">5000.00</cbc:BaseAmount>
				</cac:AllowanceCharge>
			</cac:Price>
		<cac:Item>
			<cbc:Description>Hejsetavle</cbc:Description>
			<cbc:PackQuantity>10</cbc:PackQuantity>
			<cbc:PackSizeNumeric>5</cbc:PackSizeNumeric>
			<cbc:CatalogueIndicator>true</cbc:CatalogueIndicator>
			<cbc:Name>Hejsetavle</cbc:Name>
			<cbc:AdditionalInformation>http://www.yderligereinformation.dk</cbc:AdditionalInformation>
			<cbc:Keyword>tavle</cbc:Keyword>
			<cbc:BrandName>Hejs</cbc:BrandName>
			<cbc:ModelName>A-12</cbc:ModelName>
			<cac:BuyersItemIdentification>
				<cbc:ID>4444</cbc:ID>
				<cbc:ExtendedID>B4444</cbc:ExtendedID>
			</cac:BuyersItemIdentification>
			<cac:SellersItemIdentification>
				<cbc:ID schemeAgencyID="9" schemeID="GTIN">5712345780121</cbc:ID>
				<cbc:ExtendedID>S44444</cbc:ExtendedID>
				<cac:PhysicalAttribute>
					<cbc:AttributeID>Colour</cbc:AttributeID>
					<cbc:Description>Black</cbc:Description>
				</cac:PhysicalAttribute>
				<cac:MeasurementDimension>
					<cbc:AttributeID>Width</cbc:AttributeID>
					<cbc:Measure unitCode="MTR">2</cbc:Measure>
				</cac:MeasurementDimension>
			</cac:SellersItemIdentification>
			<cac:StandardItemIdentification>
				<cbc:ID>55555</cbc:ID>
				<cbc:ExtendedID>ST55555</cbc:ExtendedID>
			</cac:StandardItemIdentification>
			<cac:CatalogueDocumentReference>
				<cbc:ID>8475</cbc:ID>
				<cbc:UUID>6E09886B-DC6E-439F-82D1-7CCAC7F4E3B1</cbc:UUID>
				<cbc:IssueDate>2007-02-20</cbc:IssueDate>
				<cbc:DocumentType>Order</cbc:DocumentType>
				<cac:Attachment>
					<cac:ExternalReference>
						<cbc:URI>http://www.katalogreference.dk</cbc:URI>
						<cbc:DocumentHash>dkfgqasdfæaljrtg9q0</cbc:DocumentHash>
						<cbc:ExpiryDate>2007-02-20</cbc:ExpiryDate>
						<cbc:ExpiryTime>12:00:00</cbc:ExpiryTime>
					</cac:ExternalReference>
				</cac:Attachment>
			</cac:CatalogueDocumentReference>
			<cac:ItemSpecificationDocumentReference>
				<cbc:ID>5712345780121</cbc:ID>
				<cbc:UUID>6E09886B-DC6E-439F-82D1-7CCAC7F4E3B1</cbc:UUID>
				<cbc:IssueDate>2007-02-20</cbc:IssueDate>
				<cbc:DocumentType>Order</cbc:DocumentType>
				<cac:Attachment>
					<cbc:EmbeddedDocumentBinaryObject mimeCode="image/tiff">
						TIFF
					</cbc:EmbeddedDocumentBinaryObject>
				</cac:Attachment>
			</cac:ItemSpecificationDocumentReference>
			<cac:CommodityClassification>
				<cbc:CommodityCode>655555</cbc:CommodityCode>
				<cbc:ItemClassificationCode listAgencyID="113" listID="UNSPSC">12121212</cbc:ItemClassificationCode>
			</cac:CommodityClassification>
			<cac:ClassifiedTaxCategory>
				<cbc:ID schemeAgencyID="320" schemeID="urn:oioubl:id:taxcategoryid-1.1">StandardRated</cbc:ID>
				<cbc:Percent>25</cbc:Percent>
				<cbc:BaseUnitMeasure unitCode="EA">1</cbc:BaseUnitMeasure>
				<cbc:PerUnitAmount currencyID="DKK">10.00</cbc:PerUnitAmount>
				<cac:TaxScheme>
					<cbc:ID schemeAgencyID="320" schemeID="urn:oioubl:id:taxschemeid-1.1">63</cbc:ID>
					<cbc:Name>Moms</cbc:Name>
					<cbc:CurrencyCode>DKK</cbc:CurrencyCode>
				</cac:TaxScheme>
			</cac:ClassifiedTaxCategory>
			<cac:AdditionalItemProperty>
				<cbc:Name>colour</cbc:Name>
				<cbc:Value>black</cbc:Value>
				<cac:ItemPropertyGroup>
					<cbc:ID>ROOT</cbc:ID>
				</cac:ItemPropertyGroup>
			</cac:AdditionalItemProperty>
			<cac:OriginAddress>
				<cbc:AddressFormatCode listAgencyID="320" listID="urn:oioubl:codelist:addressformatcode-1.1">StructuredLax</cbc:AddressFormatCode>
				<cbc:StreetName>Signatørvej</cbc:StreetName>
				<cbc:BuildingNumber>12</cbc:BuildingNumber>
				<cbc:CityName>Dyssegård</cbc:CityName>
				<cbc:PostalZone>2870</cbc:PostalZone>
				<cac:Country>
					<cbc:IdentificationCode>DK</cbc:IdentificationCode>
				</cac:Country>
			</cac:OriginAddress>
			<cac:ItemInstance>
				<cbc:ProductTraceID>123</cbc:ProductTraceID>
				<cbc:ManufactureDate>2007-01-01</cbc:ManufactureDate>
				<cbc:ManufactureTime>12:00:00</cbc:ManufactureTime>
				<cbc:RegistrationID>12345677890</cbc:RegistrationID>
				<cbc:SerialID>147852369</cbc:SerialID>
				<cac:LotIdentification>
					<cbc:LotNumberID>111444</cbc:LotNumberID>
				</cac:LotIdentification>
			</cac:ItemInstance>
		</cac:Item>
		</cac:LineItem>
	</cac:OrderLine>
</Order>
