<?xml version="1.0" encoding="UTF-8"?>
<CodeList xmlns="urn:fdc:difi.no:2017:vefa:structure:CodeList-1">

    <Title>Packaging level code (GS1 7009)</Title>
    <Identifier>GS17009</Identifier>
    <Version>1.0</Version>
    <Agency>GS1</Agency>
    <Subset>OpenPEPPOL</Subset>

    <Code>
        <Id>CU</Id>
        <Name>Base Unit level</Name>
    </Code>
    <Code>
        <Id>DU</Id>
        <Name>Pallet level</Name>
    </Code>
    <Code>
        <Id>TU</Id>
        <Name>Case level</Name>
    </Code>
    <Code>
        <Id>HN</Id>
        <Name>Handling Unit</Name>
    </Code>

</CodeList>
