<?xml version="1.0" encoding="UTF-8"?>
<CodeList xmlns="urn:fdc:difi.no:2017:vefa:structure:CodeList-1">

    <Title>Measured attribute code for despatch advice (UNCL6313 Subset)</Title>
    <Identifier>UNCL6313-T16</Identifier>
    <Version>D.17A</Version>
    <Agency>UN/CEFACT</Agency>
    <Subset>openPEPPOL</Subset>


    <Code>
        <Id>AAB</Id>
        <Name>Goods item gross weight</Name>
        <Description>Weight (mass) of goods including packing but
            excluding the carrier's equipment.</Description>
    </Code>
    <Code>
        <Id>AAW</Id>
        <Name>Gross volume</Name>
        <Description> The volume unadjusted for factors such as temperature or
            gravity.</Description>
    </Code>


</CodeList>
