<?xml version="1.0" encoding="UTF-8"?>
<testSet xmlns="http://difi.no/xsd/vefa/validator/1.0" configuration="ehf-t10-base-2.0">
	<assert>
		<scope>NOGOV-T10-R004</scope>
	</assert>
	<test>
		<assert>
			<description>Verify order line reference is provided.</description>
			<success>NOGOV-T10-R004</success>
		</assert>
		<Invoice xmlns:cac="urn:oasis:names:specification:ubl:schema:xsd:CommonAggregateComponents-2"
			xmlns:cbc="urn:oasis:names:specification:ubl:schema:xsd:CommonBasicComponents-2"
			xmlns="urn:oasis:names:specification:ubl:schema:xsd:Invoice-2">

			<cac:InvoiceLine>
				<cac:OrderLineReference>
					<cbc:LineID>1</cbc:LineID>
				</cac:OrderLineReference>
			</cac:InvoiceLine>

		</Invoice>
	</test>
	<test>
		<assert>
			<description>Trigger warning if order line reference is not provided.</description>
			<warning>NOGOV-T10-R004</warning>
		</assert>
		<Invoice xmlns:cac="urn:oasis:names:specification:ubl:schema:xsd:CommonAggregateComponents-2"
			xmlns:cbc="urn:oasis:names:specification:ubl:schema:xsd:CommonBasicComponents-2"
			xmlns="urn:oasis:names:specification:ubl:schema:xsd:Invoice-2">

			<cac:InvoiceLine>
				<cac:OrderLineReference>
					<!-- <cbc:LineID>1</cbc:LineID> -->
				</cac:OrderLineReference>
			</cac:InvoiceLine>

		</Invoice>
	</test>
	<test>
		<assert>
			<description>Trigger warning if order line reference is not provided.</description>
			<warning>NOGOV-T10-R004</warning>
		</assert>
		<Invoice xmlns:cac="urn:oasis:names:specification:ubl:schema:xsd:CommonAggregateComponents-2"
			xmlns:cbc="urn:oasis:names:specification:ubl:schema:xsd:CommonBasicComponents-2"
			xmlns="urn:oasis:names:specification:ubl:schema:xsd:Invoice-2">

			<cac:InvoiceLine>
				<!-- <cac:OrderLineReference>
					<cbc:LineID>1</cbc:LineID>
				</cac:OrderLineReference> -->
			</cac:InvoiceLine>

		</Invoice>
	</test>
</testSet>
