<?xml version="1.0" encoding="UTF-8"?>
<testSet xmlns="http://difi.no/xsd/vefa/validator/1.0" configuration="ehf-t10-base-2.0">
	<assert>
		<scope>NOGOV-T10-R039</scope>
	</assert>
	<test>
		<assert>
			<description>Verify sub totals in TaxTotal has no more than 2 decimals.</description>
			<success>NOGOV-T10-R039</success>
		</assert>
		<Invoice xmlns:cac="urn:oasis:names:specification:ubl:schema:xsd:CommonAggregateComponents-2"
			xmlns:cbc="urn:oasis:names:specification:ubl:schema:xsd:CommonBasicComponents-2"
			xmlns="urn:oasis:names:specification:ubl:schema:xsd:Invoice-2">

			<cac:TaxTotal>
				<cac:TaxSubtotal>
					<cbc:TaxableAmount>0</cbc:TaxableAmount>
				</cac:TaxSubtotal>
				<cac:TaxSubtotal>
					<cbc:TaxableAmount>0.0</cbc:TaxableAmount>
				</cac:TaxSubtotal>
				<cac:TaxSubtotal>
					<cbc:TaxableAmount>0.00</cbc:TaxableAmount>
				</cac:TaxSubtotal>
				<cac:TaxSubtotal>
					<cbc:TaxableAmount>10</cbc:TaxableAmount>
				</cac:TaxSubtotal>
			</cac:TaxTotal>

		</Invoice>
	</test>
	<test>
		<assert>
			<description>Trigger error when sub totals in TaxTotal has more than 2 decimals.</description>
			<error number="4">NOGOV-T10-R039</error>
		</assert>
		<Invoice xmlns:cac="urn:oasis:names:specification:ubl:schema:xsd:CommonAggregateComponents-2"
			xmlns:cbc="urn:oasis:names:specification:ubl:schema:xsd:CommonBasicComponents-2"
			xmlns="urn:oasis:names:specification:ubl:schema:xsd:Invoice-2">

			<cac:TaxTotal>
				<cac:TaxSubtotal>
					<cbc:TaxableAmount>0.000</cbc:TaxableAmount>
				</cac:TaxSubtotal>
				<cac:TaxSubtotal>
					<cbc:TaxableAmount>0.0000</cbc:TaxableAmount>
				</cac:TaxSubtotal>
				<cac:TaxSubtotal>
					<cbc:TaxableAmount>0.00000</cbc:TaxableAmount>
				</cac:TaxSubtotal>
				<cac:TaxSubtotal>
					<cbc:TaxableAmount>0.000000</cbc:TaxableAmount>
				</cac:TaxSubtotal>
			</cac:TaxTotal>

		</Invoice>
	</test>
	<test>
		<assert>
			<description>Verify sub totals in TaxTotal has no more than 2 decimals.</description>
			<success>NOGOV-T10-R039</success>
		</assert>
		<Invoice xmlns:cac="urn:oasis:names:specification:ubl:schema:xsd:CommonAggregateComponents-2"
			xmlns:cbc="urn:oasis:names:specification:ubl:schema:xsd:CommonBasicComponents-2"
			xmlns="urn:oasis:names:specification:ubl:schema:xsd:Invoice-2">

			<cac:TaxTotal>
				<cac:TaxSubtotal>
					<cbc:TaxAmount>0</cbc:TaxAmount>
				</cac:TaxSubtotal>
				<cac:TaxSubtotal>
					<cbc:TaxAmount>0.0</cbc:TaxAmount>
				</cac:TaxSubtotal>
				<cac:TaxSubtotal>
					<cbc:TaxAmount>0.00</cbc:TaxAmount>
				</cac:TaxSubtotal>
				<cac:TaxSubtotal>
					<cbc:TaxAmount>10</cbc:TaxAmount>
				</cac:TaxSubtotal>
			</cac:TaxTotal>

		</Invoice>
	</test>
	<test>
		<assert>
			<description>Trigger error when sub totals in TaxTotal has more than 2 decimals.</description>
			<error number="4">NOGOV-T10-R039</error>
		</assert>
		<Invoice xmlns:cac="urn:oasis:names:specification:ubl:schema:xsd:CommonAggregateComponents-2"
			xmlns:cbc="urn:oasis:names:specification:ubl:schema:xsd:CommonBasicComponents-2"
			xmlns="urn:oasis:names:specification:ubl:schema:xsd:Invoice-2">

			<cac:TaxTotal>
				<cac:TaxSubtotal>
					<cbc:TaxAmount>0.000</cbc:TaxAmount>
				</cac:TaxSubtotal>
				<cac:TaxSubtotal>
					<cbc:TaxAmount>0.0000</cbc:TaxAmount>
				</cac:TaxSubtotal>
				<cac:TaxSubtotal>
					<cbc:TaxAmount>0.00000</cbc:TaxAmount>
				</cac:TaxSubtotal>
				<cac:TaxSubtotal>
					<cbc:TaxAmount>0.000000</cbc:TaxAmount>
				</cac:TaxSubtotal>
			</cac:TaxTotal>

		</Invoice>
	</test>
</testSet>