<?xml version="1.0" encoding="UTF-8"?>
<testSet xmlns="http://difi.no/xsd/vefa/validator/1.0" configuration="ehf-t10-base-2.0">
	<assert>
		<scope>NOGOV-T10-R007</scope>
	</assert>
	<test>
		<assert>
			<description>Verify customer contact identifier is provided.</description>
			<success>NOGOV-T10-R007</success>
		</assert>
		<Invoice xmlns:cac="urn:oasis:names:specification:ubl:schema:xsd:CommonAggregateComponents-2"
			xmlns:cbc="urn:oasis:names:specification:ubl:schema:xsd:CommonBasicComponents-2"
			xmlns="urn:oasis:names:specification:ubl:schema:xsd:Invoice-2">

			<cac:AccountingCustomerParty>
				<cac:Party>
					<cac:Contact>
						<cbc:ID>123456789</cbc:ID>
					</cac:Contact>
				</cac:Party>
			</cac:AccountingCustomerParty>

		</Invoice>
	</test>
	<test>
		<assert>
			<description>Trigger error when customer contact identifier is not provided.</description>
			<error>NOGOV-T10-R007</error>
		</assert>
		<Invoice xmlns:cac="urn:oasis:names:specification:ubl:schema:xsd:CommonAggregateComponents-2"
			xmlns:cbc="urn:oasis:names:specification:ubl:schema:xsd:CommonBasicComponents-2"
			xmlns="urn:oasis:names:specification:ubl:schema:xsd:Invoice-2">

			<cac:AccountingCustomerParty>
				<cac:Party>
					<cac:Contact>
						<!-- <cbc:ID>123456789</cbc:ID> -->
					</cac:Contact>
				</cac:Party>
			</cac:AccountingCustomerParty>

		</Invoice>
	</test>
	<test>
		<assert>
			<description>Trigger error when customer contact identifier is not provided.</description>
			<error>NOGOV-T10-R007</error>
		</assert>
		<Invoice xmlns:cac="urn:oasis:names:specification:ubl:schema:xsd:CommonAggregateComponents-2"
			xmlns:cbc="urn:oasis:names:specification:ubl:schema:xsd:CommonBasicComponents-2"
			xmlns="urn:oasis:names:specification:ubl:schema:xsd:Invoice-2">

			<cac:AccountingCustomerParty>
				<cac:Party>
					<!-- <cac:Contact>
						<cbc:ID>123456789</cbc:ID>
					</cac:Contact> -->
				</cac:Party>
			</cac:AccountingCustomerParty>

		</Invoice>
	</test>
</testSet>