<?xml version="1.0" encoding="UTF-8"?>
<testSet xmlns="http://difi.no/xsd/vefa/validator/1.0" configuration="ehf-t10-base-2.0">
	<assert>
		<scope>NOGOV-T10-R015</scope>
	</assert>
	<test>
		<assert>
			<description>Verify RegistrationName is not required for B2C.</description>
			<success>NOGOV-T10-R015</success>
		</assert>
		<Invoice xmlns:cac="urn:oasis:names:specification:ubl:schema:xsd:CommonAggregateComponents-2"
			xmlns:cbc="urn:oasis:names:specification:ubl:schema:xsd:CommonBasicComponents-2"
			xmlns="urn:oasis:names:specification:ubl:schema:xsd:Invoice-2">

			<cac:AdditionalDocumentReference>
				<cbc:DocumentType>elektroniskB2Cfaktura</cbc:DocumentType>
			</cac:AdditionalDocumentReference>

			<cac:AccountingCustomerParty>
				<cac:Party>
					<!-- <cac:PartyLegalEntity>
						<cbc:RegistrationName>Test</cbc:RegistrationName>
					</cac:PartyLegalEntity> -->
				</cac:Party>
			</cac:AccountingCustomerParty>

		</Invoice>
	</test>
	<test>
		<assert>
			<description>Verify RegistrationName is not required for B2C.</description>
			<success>NOGOV-T10-R015</success>
		</assert>
		<Invoice xmlns:cac="urn:oasis:names:specification:ubl:schema:xsd:CommonAggregateComponents-2"
			xmlns:cbc="urn:oasis:names:specification:ubl:schema:xsd:CommonBasicComponents-2"
			xmlns="urn:oasis:names:specification:ubl:schema:xsd:Invoice-2">

			<!-- <cac:AdditionalDocumentReference>
				<cbc:DocumentType>elektroniskB2Cfaktura</cbc:DocumentType>
			</cac:AdditionalDocumentReference> -->

			<cac:AccountingCustomerParty>
				<cac:Party>
					<cac:PartyLegalEntity>
						<cbc:RegistrationName>Test</cbc:RegistrationName>
					</cac:PartyLegalEntity>
				</cac:Party>
			</cac:AccountingCustomerParty>

		</Invoice>
	</test>
	<test>
		<assert>
			<description>Trigger error when RegistrationName is not found in invoice not of B2C.</description>
			<error>NOGOV-T10-R015</error>
		</assert>
		<Invoice xmlns:cac="urn:oasis:names:specification:ubl:schema:xsd:CommonAggregateComponents-2"
			xmlns:cbc="urn:oasis:names:specification:ubl:schema:xsd:CommonBasicComponents-2"
			xmlns="urn:oasis:names:specification:ubl:schema:xsd:Invoice-2">

			<cac:AccountingCustomerParty>
				<cac:Party>
					<!-- <cac:PartyLegalEntity>
						<cbc:RegistrationName>Test</cbc:RegistrationName>
					</cac:PartyLegalEntity> -->
				</cac:Party>
			</cac:AccountingCustomerParty>

		</Invoice>
	</test>
</testSet>