<?xml version="1.0" encoding="UTF-8"?>
<testSet xmlns="http://difi.no/xsd/vefa/validator/1.0" configuration="ehf-t10-base-2.0">
	<assert>
		<scope>NOGOV-T10-R011</scope>
	</assert>
	<test>
		<assert>
			<description>Verify PayeeFinancialAccount is provided.</description>
			<success>NOGOV-T10-R011</success>
		</assert>
		<Invoice xmlns:cac="urn:oasis:names:specification:ubl:schema:xsd:CommonAggregateComponents-2"
			xmlns:cbc="urn:oasis:names:specification:ubl:schema:xsd:CommonBasicComponents-2"
			xmlns="urn:oasis:names:specification:ubl:schema:xsd:Invoice-2">

			<cac:PaymentMeans>
				<cac:PayeeFinancialAccount>
					<cbc:ID>123456789</cbc:ID>
				</cac:PayeeFinancialAccount>
			</cac:PaymentMeans>

		</Invoice>
	</test>
	<test>
		<assert>
			<description>Trigger error if PayeeFinancialAccount is not provided.</description>
			<error>NOGOV-T10-R011</error>
		</assert>
		<Invoice xmlns:cac="urn:oasis:names:specification:ubl:schema:xsd:CommonAggregateComponents-2"
			xmlns:cbc="urn:oasis:names:specification:ubl:schema:xsd:CommonBasicComponents-2"
			xmlns="urn:oasis:names:specification:ubl:schema:xsd:Invoice-2">

			<cac:PaymentMeans>
				<cac:PayeeFinancialAccount>
					<!-- <cbc:ID>123456789</cbc:ID> -->
				</cac:PayeeFinancialAccount>
			</cac:PaymentMeans>

		</Invoice>
	</test>
	<test>
		<assert>
			<description>Trigger error if PayeeFinancialAccount is not provided.</description>
			<error>NOGOV-T10-R011</error>
		</assert>
		<Invoice xmlns:cac="urn:oasis:names:specification:ubl:schema:xsd:CommonAggregateComponents-2"
			xmlns:cbc="urn:oasis:names:specification:ubl:schema:xsd:CommonBasicComponents-2"
			xmlns="urn:oasis:names:specification:ubl:schema:xsd:Invoice-2">

			<cac:PaymentMeans>
				<!-- <cac:PayeeFinancialAccount>
					<cbc:ID>123456789</cbc:ID>
				</cac:PayeeFinancialAccount> -->
			</cac:PaymentMeans>

		</Invoice>
	</test>
</testSet>