<?xml version="1.0" encoding="UTF-8"?>
<testSet xmlns="http://difi.no/xsd/vefa/validator/1.0" configuration="ehf-t10-base-2.0">
	<assert>
		<scope>NOGOV-T10-R033</scope>
	</assert>
	<test>
		<assert>
			<description>Verify PayeeFinancialAccount identifiers apply to rules.</description>
			<success>NOGOV-T10-R033</success>
		</assert>
		<Invoice xmlns:cac="urn:oasis:names:specification:ubl:schema:xsd:CommonAggregateComponents-2"
			xmlns:cbc="urn:oasis:names:specification:ubl:schema:xsd:CommonBasicComponents-2"
			xmlns="urn:oasis:names:specification:ubl:schema:xsd:Invoice-2">

			<cac:PaymentMeans>
				<cac:PayeeFinancialAccount>
					<cbc:ID schemeID="IBAN">NO123456789</cbc:ID>
				</cac:PayeeFinancialAccount>
			</cac:PaymentMeans>

		</Invoice>
	</test>
	<test>
		<assert>
			<description>Trigger warning if PayeeFinancialAccount identifiers apply to rules.</description>
			<warning>NOGOV-T10-R033</warning>
		</assert>
		<Invoice xmlns:cac="urn:oasis:names:specification:ubl:schema:xsd:CommonAggregateComponents-2"
			xmlns:cbc="urn:oasis:names:specification:ubl:schema:xsd:CommonBasicComponents-2"
			xmlns="urn:oasis:names:specification:ubl:schema:xsd:Invoice-2">

			<cac:PaymentMeans>
				<cac:PayeeFinancialAccount>
					<cbc:ID schemeID="IBAN">NO12AA3456789</cbc:ID>
				</cac:PayeeFinancialAccount>
			</cac:PaymentMeans>

		</Invoice>
	</test>
	<test>
		<assert>
			<description>Trigger warning if PayeeFinancialAccount identifier is Swedish.</description>
			<warning>NOGOV-T10-R033</warning>
		</assert>
		<Invoice xmlns:cac="urn:oasis:names:specification:ubl:schema:xsd:CommonAggregateComponents-2"
			xmlns:cbc="urn:oasis:names:specification:ubl:schema:xsd:CommonBasicComponents-2"
			xmlns="urn:oasis:names:specification:ubl:schema:xsd:Invoice-2">

			<cac:PaymentMeans>
				<cac:PayeeFinancialAccount>
					<cbc:ID schemeID="IBAN">SE123456789</cbc:ID>
				</cac:PayeeFinancialAccount>
			</cac:PaymentMeans>

		</Invoice>
	</test>
</testSet>