<?xml version="1.0" encoding="UTF-8"?>
<testSet xmlns="http://difi.no/xsd/vefa/validator/1.0" configuration="ehf-t10-base-2.0">
	<assert>
		<scope>NOGOV-T10-R018</scope>
	</assert>
	<test>
		<assert>
			<description>Verify company identifier is provided when tax representative is defined.</description>
			<success>NOGOV-T10-R018</success>
		</assert>
		<Invoice xmlns:cac="urn:oasis:names:specification:ubl:schema:xsd:CommonAggregateComponents-2"
			xmlns:cbc="urn:oasis:names:specification:ubl:schema:xsd:CommonBasicComponents-2"
			xmlns="urn:oasis:names:specification:ubl:schema:xsd:Invoice-2">

			<cac:TaxRepresentativeParty>
				<cac:PartyTaxScheme>
					<cbc:CompanyID>123456789</cbc:CompanyID>
				</cac:PartyTaxScheme>
			</cac:TaxRepresentativeParty>

		</Invoice>
	</test>
	<test>
		<assert>
			<description>Verify company identifier is provided when tax representative is defined.</description>
			<success>NOGOV-T10-R018</success>
		</assert>
		<Invoice xmlns:cac="urn:oasis:names:specification:ubl:schema:xsd:CommonAggregateComponents-2"
			xmlns:cbc="urn:oasis:names:specification:ubl:schema:xsd:CommonBasicComponents-2"
			xmlns="urn:oasis:names:specification:ubl:schema:xsd:Invoice-2">

			<!-- <cac:TaxRepresentativeParty>
				<cac:PartyTaxScheme>
					<cbc:CompanyID>123456789</cbc:CompanyID>
				</cac:PartyTaxScheme>
			</cac:TaxRepresentativeParty> -->

		</Invoice>
	</test>
	<test>
		<assert>
			<description>Trigger error when company identifier is not provided when tax representative is defined.</description>
			<error>NOGOV-T10-R018</error>
		</assert>
		<Invoice xmlns:cac="urn:oasis:names:specification:ubl:schema:xsd:CommonAggregateComponents-2"
			xmlns:cbc="urn:oasis:names:specification:ubl:schema:xsd:CommonBasicComponents-2"
			xmlns="urn:oasis:names:specification:ubl:schema:xsd:Invoice-2">

			<cac:TaxRepresentativeParty>
				<cac:PartyTaxScheme>
					<!-- <cbc:CompanyID>123456789</cbc:CompanyID> -->
				</cac:PartyTaxScheme>
			</cac:TaxRepresentativeParty>

		</Invoice>
	</test>
</testSet>