<?xml version="1.0" encoding="UTF-8"?>
<testSet xmlns="http://difi.no/xsd/vefa/validator/1.0" configuration="ehf-t10-base-2.0">
	<assert>
		<scope>NOGOV-T10-R040</scope>
	</assert>
	<test>
		<assert>
			<description>Verify allowance and change on document level has no more than 2 decimals.</description>
			<success>NOGOV-T10-R040</success>
		</assert>
		<Invoice xmlns:cac="urn:oasis:names:specification:ubl:schema:xsd:CommonAggregateComponents-2"
			xmlns:cbc="urn:oasis:names:specification:ubl:schema:xsd:CommonBasicComponents-2"
			xmlns="urn:oasis:names:specification:ubl:schema:xsd:Invoice-2">

			<cac:AllowanceCharge>
				<cbc:Amount>0.00</cbc:Amount>
			</cac:AllowanceCharge>
			<cac:AllowanceCharge>
				<cbc:Amount>0.0</cbc:Amount>
			</cac:AllowanceCharge>
			<cac:AllowanceCharge>
				<cbc:Amount>0</cbc:Amount>
			</cac:AllowanceCharge>
			<cac:AllowanceCharge>
				<cbc:Amount>10</cbc:Amount>
			</cac:AllowanceCharge>

		</Invoice>
	</test>
	<test>
		<assert>
			<description>Trigger error when allowance and change on document level has more than 2 decimals.</description>
			<error number="4">NOGOV-T10-R040</error>
		</assert>
		<Invoice xmlns:cac="urn:oasis:names:specification:ubl:schema:xsd:CommonAggregateComponents-2"
			xmlns:cbc="urn:oasis:names:specification:ubl:schema:xsd:CommonBasicComponents-2"
			xmlns="urn:oasis:names:specification:ubl:schema:xsd:Invoice-2">

			<cac:AllowanceCharge>
				<cbc:Amount>0.000</cbc:Amount>
			</cac:AllowanceCharge>
			<cac:AllowanceCharge>
				<cbc:Amount>0.0000</cbc:Amount>
			</cac:AllowanceCharge>
			<cac:AllowanceCharge>
				<cbc:Amount>0.00000</cbc:Amount>
			</cac:AllowanceCharge>
			<cac:AllowanceCharge>
				<cbc:Amount>0.000000</cbc:Amount>
			</cac:AllowanceCharge>

		</Invoice>
	</test>
</testSet>