<?xml version="1.0" encoding="UTF-8"?>
<testSet xmlns="http://difi.no/xsd/vefa/validator/1.0" configuration="ehf-t10-base-2.0">
	<assert>
		<scope>NOGOV-T10-R001</scope>
	</assert>
	<test>
		<assert>
			<description>Verify contact reference identifier is successful.</description>
			<success>NOGOV-T10-R001</success>
		</assert>
		<Invoice xmlns:cac="urn:oasis:names:specification:ubl:schema:xsd:CommonAggregateComponents-2"
			xmlns:cbc="urn:oasis:names:specification:ubl:schema:xsd:CommonBasicComponents-2"
			xmlns="urn:oasis:names:specification:ubl:schema:xsd:Invoice-2">

			<cac:AccountingSupplierParty>
				<cac:Party>
					<cac:Contact>
						<cbc:ID>123456789</cbc:ID>
					</cac:Contact>
				</cac:Party>
			</cac:AccountingSupplierParty>

		</Invoice>
	</test>
	<test>
		<assert>
			<description>Warning when contact reference identifier is not set.</description>
			<warning>NOGOV-T10-R001</warning>
		</assert>
		<Invoice xmlns:cac="urn:oasis:names:specification:ubl:schema:xsd:CommonAggregateComponents-2"
			xmlns:cbc="urn:oasis:names:specification:ubl:schema:xsd:CommonBasicComponents-2"
			xmlns="urn:oasis:names:specification:ubl:schema:xsd:Invoice-2">

			<cac:AccountingSupplierParty>
				<cac:Party>
					<cac:Contact>
						<!-- <cbc:ID>123456789</cbc:ID> -->
					</cac:Contact>
				</cac:Party>
			</cac:AccountingSupplierParty>

		</Invoice>
	</test>
	<test>
		<assert>
			<description>Warning when contact reference identifier is not set.</description>
			<warning>NOGOV-T10-R001</warning>
		</assert>
		<Invoice xmlns:cac="urn:oasis:names:specification:ubl:schema:xsd:CommonAggregateComponents-2"
			xmlns:cbc="urn:oasis:names:specification:ubl:schema:xsd:CommonBasicComponents-2"
			xmlns="urn:oasis:names:specification:ubl:schema:xsd:Invoice-2">

			<cac:AccountingSupplierParty>
				<cac:Party>
					<!-- <cac:Contact>
						<cbc:ID>123456789</cbc:ID>
					</cac:Contact> -->
				</cac:Party>
			</cac:AccountingSupplierParty>

		</Invoice>
	</test>
</testSet>