<?xml version="1.0" encoding="UTF-8"?>
<testSet xmlns="http://difi.no/xsd/vefa/validator/1.0" configuration="peppolbis-t110-base-1.0">
	<assert>
		<scope>EUGEN-T110-R015</scope>
	</assert>
	<test>
		<assert>
			<description>No error when reason is present.</description>
			<success>EUGEN-T110-R015</success>
		</assert>
		<OrderResponse xmlns:cac="urn:oasis:names:specification:ubl:schema:xsd:CommonAggregateComponents-2"
			xmlns:cbc="urn:oasis:names:specification:ubl:schema:xsd:CommonBasicComponents-2"
			xmlns="urn:oasis:names:specification:ubl:schema:xsd:OrderResponse-2">

			<cac:AllowanceCharge>
				<cbc:AllowanceChargeReason/>
			</cac:AllowanceCharge>

		</OrderResponse>
	</test>
	<test>
		<assert>
			<description>Trigger error when reason is not present.</description>
			<error>EUGEN-T110-R015</error>
		</assert>
		<OrderResponse xmlns:cac="urn:oasis:names:specification:ubl:schema:xsd:CommonAggregateComponents-2"
			xmlns:cbc="urn:oasis:names:specification:ubl:schema:xsd:CommonBasicComponents-2"
			xmlns="urn:oasis:names:specification:ubl:schema:xsd:OrderResponse-2">

			<cac:AllowanceCharge>
				<!-- <cbc:AllowanceChargeReason> -->
			</cac:AllowanceCharge>

		</OrderResponse>
	</test>
</testSet>
