<?xml version="1.0" encoding="UTF-8"?>
<testSet xmlns="http://difi.no/xsd/vefa/validator/1.0" configuration="peppolbis-t110-base-1.0">
	<assert>
		<scope>EUGEN-T110-R008</scope>
	</assert>
	<test>
		<assert>
			<description>No errors when ProfileID is correct.</description>
			<success>EUGEN-T110-R008</success>
		</assert>
		<OrderResponse xmlns:cac="urn:oasis:names:specification:ubl:schema:xsd:CommonAggregateComponents-2"
			xmlns:cbc="urn:oasis:names:specification:ubl:schema:xsd:CommonBasicComponents-2"
			xmlns="urn:oasis:names:specification:ubl:schema:xsd:OrderResponse-2">

			<cbc:ProfileID>urn:www.cenbii.eu:profile:bii42:ver1.0</cbc:ProfileID>

		</OrderResponse>
	</test>
	<test>
		<assert>
			<description>Trigger error when ProfileID is wrong.</description>
			<error>EUGEN-T110-R008</error>
		</assert>
		<OrderResponse xmlns:cac="urn:oasis:names:specification:ubl:schema:xsd:CommonAggregateComponents-2"
			xmlns:cbc="urn:oasis:names:specification:ubl:schema:xsd:CommonBasicComponents-2"
			xmlns="urn:oasis:names:specification:ubl:schema:xsd:OrderResponse-2">

			<cbc:ProfileID>urn:www.cenbii.eu:profile:bii04:ver1.0</cbc:ProfileID>

		</OrderResponse>
	</test>
</testSet>
