<?xml version="1.0" encoding="UTF-8"?>
<testSet xmlns="http://difi.no/xsd/vefa/validator/1.0" configuration="peppolbis-t110-base-1.0">
	<assert>
		<scope>EUGEN-T110-R028</scope>
	</assert>
	<test>
		<assert>
			<description>No error when no empty elements are found.</description>
			<success>EUGEN-T110-R028</success>
		</assert>
		<OrderResponse xmlns:cac="urn:oasis:names:specification:ubl:schema:xsd:CommonAggregateComponents-2"
			xmlns:cbc="urn:oasis:names:specification:ubl:schema:xsd:CommonBasicComponents-2"
			xmlns="urn:oasis:names:specification:ubl:schema:xsd:OrderResponse-2">

			<cac:AccountingCustomerParty>
				<cac:Party>
					<cac:PartyIdentification>
						<cbc:ID schemeID="SE:ORGNR">5541277711</cbc:ID>
					</cac:PartyIdentification>
					<cac:PartyName>
						<cbc:Name>Information services</cbc:Name>
					</cac:PartyName>
				</cac:Party>
			</cac:AccountingCustomerParty>

		</OrderResponse>
	</test>
	<test>
		<assert>
			<description>Trigger error when empty elements are found.</description>
			<error>EUGEN-T110-R028</error>
		</assert>
		<OrderResponse xmlns:cac="urn:oasis:names:specification:ubl:schema:xsd:CommonAggregateComponents-2"
			xmlns:cbc="urn:oasis:names:specification:ubl:schema:xsd:CommonBasicComponents-2"
			xmlns="urn:oasis:names:specification:ubl:schema:xsd:OrderResponse-2">

			<cac:AccountingCustomerParty>
				<cac:Party>
					<cac:PartyIdentification>
						<cbc:ID schemeID="SE:ORGNR"></cbc:ID>
					</cac:PartyIdentification>
					<cac:PartyName>
						<cbc:Name>  </cbc:Name>
					</cac:PartyName>
				</cac:Party>
			</cac:AccountingCustomerParty>

		</OrderResponse>
	</test>
</testSet>
