<?xml version="1.0" encoding="UTF-8"?>
<testSet xmlns="http://difi.no/xsd/vefa/validator/1.0" configuration="peppolbis-t110-base-1.0">
	<assert>
		<scope>EUGEN-T110-R021</scope>
	</assert>
	<test>
		<assert>
			<description>Valid example of document level allowance.</description>
			<success>EUGEN-T110-R021</success>
		</assert>
		<OrderResponse xmlns:cac="urn:oasis:names:specification:ubl:schema:xsd:CommonAggregateComponents-2"
			xmlns:cbc="urn:oasis:names:specification:ubl:schema:xsd:CommonBasicComponents-2"
			xmlns="urn:oasis:names:specification:ubl:schema:xsd:OrderResponse-2">

			<cac:LegalMonetaryTotal>
				<cbc:AllowanceTotalAmount>50</cbc:AllowanceTotalAmount>
			</cac:LegalMonetaryTotal>

			<cac:AllowanceCharge>
				<cbc:ChargeIndicator>false</cbc:ChargeIndicator>
				<cbc:Amount>25</cbc:Amount>
			</cac:AllowanceCharge>
			<cac:AllowanceCharge>
				<cbc:ChargeIndicator>false</cbc:ChargeIndicator>
				<cbc:Amount>25</cbc:Amount>
			</cac:AllowanceCharge>

		</OrderResponse>
	</test>
	<test>
		<assert>
			<description>Invalid example of document level allowance.</description>
			<error>EUGEN-T110-R021</error>
		</assert>
		<OrderResponse xmlns:cac="urn:oasis:names:specification:ubl:schema:xsd:CommonAggregateComponents-2"
			xmlns:cbc="urn:oasis:names:specification:ubl:schema:xsd:CommonBasicComponents-2"
			xmlns="urn:oasis:names:specification:ubl:schema:xsd:OrderResponse-2">

			<cac:LegalMonetaryTotal>
				<cbc:AllowanceTotalAmount>25</cbc:AllowanceTotalAmount>
			</cac:LegalMonetaryTotal>

			<cac:AllowanceCharge>
				<cbc:ChargeIndicator>false</cbc:ChargeIndicator>
				<cbc:Amount>25</cbc:Amount>
			</cac:AllowanceCharge>
			<cac:AllowanceCharge>
				<cbc:ChargeIndicator>false</cbc:ChargeIndicator>
				<cbc:Amount>25</cbc:Amount>
			</cac:AllowanceCharge>

		</OrderResponse>
	</test>
	<test>
		<assert>
			<description>Valid example of document level allowance without total.</description>
			<success>EUGEN-T110-R021</success>
		</assert>
		<OrderResponse xmlns:cac="urn:oasis:names:specification:ubl:schema:xsd:CommonAggregateComponents-2"
			xmlns:cbc="urn:oasis:names:specification:ubl:schema:xsd:CommonBasicComponents-2"
			xmlns="urn:oasis:names:specification:ubl:schema:xsd:OrderResponse-2">

			<cac:LegalMonetaryTotal>
				<!-- <cbc:AllowanceTotalAmount>50</cbc:AllowanceTotalAmount> -->
			</cac:LegalMonetaryTotal>

			<cac:AllowanceCharge>
				<cbc:ChargeIndicator>false</cbc:ChargeIndicator>
				<cbc:Amount>25</cbc:Amount>
			</cac:AllowanceCharge>
			<cac:AllowanceCharge>
				<cbc:ChargeIndicator>false</cbc:ChargeIndicator>
				<cbc:Amount>25</cbc:Amount>
			</cac:AllowanceCharge>

		</OrderResponse>
	</test>
</testSet>
