<?xml version="1.0" encoding="UTF-8"?>
<testSet xmlns="http://difi.no/xsd/vefa/validator/1.0" configuration="peppolbis-t110-base-1.0">
	<assert>
		<scope>EUGEN-T110-R025</scope>
	</assert>
	<test>
		<assert>
			<description>No errors when UBLVersionID is correct.</description>
			<success>EUGEN-T110-R025</success>
		</assert>
		<OrderResponse xmlns:cac="urn:oasis:names:specification:ubl:schema:xsd:CommonAggregateComponents-2"
			xmlns:cbc="urn:oasis:names:specification:ubl:schema:xsd:CommonBasicComponents-2"
			xmlns="urn:oasis:names:specification:ubl:schema:xsd:OrderResponse-2">

			<cbc:UBLVersionID>2.1</cbc:UBLVersionID>

		</OrderResponse>
	</test>
	<test>
		<assert>
			<description>Trigger error when UBLVersionID is incorrect.</description>
			<error>EUGEN-T110-R025</error>
		</assert>
		<OrderResponse xmlns:cac="urn:oasis:names:specification:ubl:schema:xsd:CommonAggregateComponents-2"
			xmlns:cbc="urn:oasis:names:specification:ubl:schema:xsd:CommonBasicComponents-2"
			xmlns="urn:oasis:names:specification:ubl:schema:xsd:OrderResponse-2">

			<cbc:UBLVersionID>2.2</cbc:UBLVersionID>

		</OrderResponse>
	</test>
	<test>
		<assert>
			<description>Trigger error when UBLVersionID is not set.</description>
			<error>EUGEN-T110-R025</error>
		</assert>
		<OrderResponse xmlns:cac="urn:oasis:names:specification:ubl:schema:xsd:CommonAggregateComponents-2"
			xmlns:cbc="urn:oasis:names:specification:ubl:schema:xsd:CommonBasicComponents-2"
			xmlns="urn:oasis:names:specification:ubl:schema:xsd:OrderResponse-2">

			<!-- <cbc:UBLVersionID>2.1</cbc:UBLVersionID> -->

		</OrderResponse>
	</test>
</testSet>
