<?xml version="1.0" encoding="UTF-8"?>
<testSet xmlns="http://difi.no/xsd/vefa/validator/1.0" configuration="peppolbis-t110-base-1.0">
	<assert>
		<scope>CL-T110-R008</scope>
	</assert>
	<test>
		<assert>
			<description>No errors when valid codes are used.</description>
			<success number="2">CL-T110-R008</success>
		</assert>
		<OrderResponse xmlns:cac="urn:oasis:names:specification:ubl:schema:xsd:CommonAggregateComponents-2"
			xmlns:cbc="urn:oasis:names:specification:ubl:schema:xsd:CommonBasicComponents-2"
			xmlns="urn:oasis:names:specification:ubl:schema:xsd:OrderResponse-2">

			<cbc:Something mimeCode="application/pdf" />
			<cbc:Something mimeCode="application/xml" />

		</OrderResponse>
	</test>
	<test>
		<assert>
			<description>Trigger warning when invalid codes are used.</description>
			<error number="2">CL-T110-R008</error>
		</assert>
		<OrderResponse xmlns:cac="urn:oasis:names:specification:ubl:schema:xsd:CommonAggregateComponents-2"
			xmlns:cbc="urn:oasis:names:specification:ubl:schema:xsd:CommonBasicComponents-2"
			xmlns="urn:oasis:names:specification:ubl:schema:xsd:OrderResponse-2">

			<cbc:Something mimeCode="audio/vnd.qcelp - DEPRECATED - Please use audio/qcelp" />
			<cbc:Something mimeCode="text/ecmascript (obsolete)" />

		</OrderResponse>
	</test>
	<test>
		<assert>
			<description>Trigger warning when non-existing codes are used.</description>
			<error number="2">CL-T110-R008</error>
		</assert>
		<OrderResponse xmlns:cac="urn:oasis:names:specification:ubl:schema:xsd:CommonAggregateComponents-2"
			xmlns:cbc="urn:oasis:names:specification:ubl:schema:xsd:CommonBasicComponents-2"
			xmlns="urn:oasis:names:specification:ubl:schema:xsd:OrderResponse-2">

			<cbc:Something mimeCode="application/vnd.openxmlformats-officedocument.wordprocessingml.document" />
			<cbc:Something mimeCode="application/vnd.openxmlformats-officedocument.presentationml.presentation" />

		</OrderResponse>
	</test>
</testSet>
