<?xml version="1.0" encoding="UTF-8"?>

<testSet xmlns="http://difi.no/xsd/vefa/validator/1.0" configuration="peppolbis-t77-base-3.0">
	<assert>
		<description>Verify Unit code for price base quantity is same as for batch
			quantity.</description>
		<scope>PEPPOL-T77-R006</scope>
	</assert>

	<test>
		<assert>
			<success>PEPPOL-T77-R006</success>
		</assert>
		<Catalogue
			xmlns:cac="urn:oasis:names:specification:ubl:schema:xsd:CommonAggregateComponents-2"
			xmlns:cbc="urn:oasis:names:specification:ubl:schema:xsd:CommonBasicComponents-2"
			xmlns="urn:oasis:names:specification:ubl:schema:xsd:Catalogue-2">

			<cac:CatalogueLine>
				<cac:RequiredItemLocationQuantity>
					<cac:Price>
						<cbc:BaseQuantity unitCode="C62">1</cbc:BaseQuantity>
					</cac:Price>
					<cac:DeliveryUnit>
						<cbc:BatchQuantity unitCode="C62">1</cbc:BatchQuantity>
					</cac:DeliveryUnit>
				</cac:RequiredItemLocationQuantity>
			</cac:CatalogueLine>

		</Catalogue>
	</test>

	<test>
		<assert>
			<error>PEPPOL-T77-R006</error>
		</assert>
		<Catalogue
			xmlns:cac="urn:oasis:names:specification:ubl:schema:xsd:CommonAggregateComponents-2"
			xmlns:cbc="urn:oasis:names:specification:ubl:schema:xsd:CommonBasicComponents-2"
			xmlns="urn:oasis:names:specification:ubl:schema:xsd:Catalogue-2">

			<cac:CatalogueLine>
				<cac:RequiredItemLocationQuantity>
					<cac:Price>
						<cbc:BaseQuantity unitCode="C62">1</cbc:BaseQuantity>
					</cac:Price>
					<cac:DeliveryUnit>
						<cbc:BatchQuantity unitCode="XPK">1</cbc:BatchQuantity>
					</cac:DeliveryUnit>
				</cac:RequiredItemLocationQuantity>
			</cac:CatalogueLine>

		</Catalogue>
	</test>

	<test>
		<assert>
			<error>PEPPOL-T77-R006</error>
		</assert>
		<Catalogue
			xmlns:cac="urn:oasis:names:specification:ubl:schema:xsd:CommonAggregateComponents-2"
			xmlns:cbc="urn:oasis:names:specification:ubl:schema:xsd:CommonBasicComponents-2"
			xmlns="urn:oasis:names:specification:ubl:schema:xsd:Catalogue-2">

			<cac:CatalogueLine>
				<cac:RequiredItemLocationQuantity>
					<cac:Price>
						<cbc:BaseQuantity unitCode="C62">1</cbc:BaseQuantity>
					</cac:Price>
					<cac:DeliveryUnit>
						<cbc:BatchQuantity unitCode="">1</cbc:BatchQuantity>
					</cac:DeliveryUnit>
				</cac:RequiredItemLocationQuantity>
			</cac:CatalogueLine>

		</Catalogue>
	</test>

	<test>
		<assert>
			<error>PEPPOL-T77-R006</error>
		</assert>
		<Catalogue
			xmlns:cac="urn:oasis:names:specification:ubl:schema:xsd:CommonAggregateComponents-2"
			xmlns:cbc="urn:oasis:names:specification:ubl:schema:xsd:CommonBasicComponents-2"
			xmlns="urn:oasis:names:specification:ubl:schema:xsd:Catalogue-2">

			<cac:CatalogueLine>
				<cac:RequiredItemLocationQuantity>
					<cac:Price>
						<cbc:BaseQuantity unitCode="">1</cbc:BaseQuantity>
					</cac:Price>
					<cac:DeliveryUnit>
						<cbc:BatchQuantity unitCode="C62">1</cbc:BatchQuantity>
					</cac:DeliveryUnit>
				</cac:RequiredItemLocationQuantity>
			</cac:CatalogueLine>

		</Catalogue>
	</test>

</testSet>
