<?xml version="1.0" encoding="UTF-8"?>
<testSet xmlns="http://difi.no/xsd/vefa/validator/1.0" configuration="peppolbis-t111-base-3.0">
	<assert>
		<description>Verify that status codes CU, UQ and RE must have a reason code</description>
		<scope>PEPPOL-T111-R001</scope>
	</assert>
	<test id="1">
		<assert>
			<success>PEPPOL-T111-R001</success>
		</assert>

		<ApplicationResponse
			xmlns:cac="urn:oasis:names:specification:ubl:schema:xsd:CommonAggregateComponents-2"
			xmlns:cbc="urn:oasis:names:specification:ubl:schema:xsd:CommonBasicComponents-2"
			xmlns="urn:oasis:names:specification:ubl:schema:xsd:ApplicationResponse-2">

			<cac:DocumentResponse>
				<cac:Response>
					<cbc:ResponseCode listID="UNCL4343OpSubset">CA</cbc:ResponseCode>
					<cac:Status>
						<cbc:StatusReasonCode listID="OPStatusReason">LEG</cbc:StatusReasonCode>
					</cac:Status>
				</cac:Response>
			</cac:DocumentResponse>
		</ApplicationResponse>

	</test>

	<test id="2">
		<assert>
			<success>PEPPOL-T111-R001</success>
		</assert>

		<ApplicationResponse
			xmlns:cac="urn:oasis:names:specification:ubl:schema:xsd:CommonAggregateComponents-2"
			xmlns:cbc="urn:oasis:names:specification:ubl:schema:xsd:CommonBasicComponents-2"
			xmlns="urn:oasis:names:specification:ubl:schema:xsd:ApplicationResponse-2">
			<cac:DocumentResponse>
				<cac:Response>
					<cbc:ResponseCode listID="UNCL4343OpSubset">UQ</cbc:ResponseCode>
					<cac:Status>
						<cbc:StatusReasonCode listID="OPStatusReason">LEG</cbc:StatusReasonCode>
					</cac:Status>
				</cac:Response>
			</cac:DocumentResponse>

		</ApplicationResponse>

	</test>

	<test id="3">
		<assert>
			<success>PEPPOL-T111-R001</success>
		</assert>

		<ApplicationResponse
			xmlns:cac="urn:oasis:names:specification:ubl:schema:xsd:CommonAggregateComponents-2"
			xmlns:cbc="urn:oasis:names:specification:ubl:schema:xsd:CommonBasicComponents-2"
			xmlns="urn:oasis:names:specification:ubl:schema:xsd:ApplicationResponse-2">
			<cac:DocumentResponse>
				<cac:Response>
					<cbc:ResponseCode listID="UNCL4343OpSubset">RE</cbc:ResponseCode>
					<cac:Status>
						<cbc:StatusReasonCode listID="OPStatusReason">LEG</cbc:StatusReasonCode>
					</cac:Status>
				</cac:Response>
			</cac:DocumentResponse>

		</ApplicationResponse>

	</test>


	<test id="4">
		<assert>
			<error>PEPPOL-T111-R001</error>
		</assert>

		<ApplicationResponse
			xmlns:cac="urn:oasis:names:specification:ubl:schema:xsd:CommonAggregateComponents-2"
			xmlns:cbc="urn:oasis:names:specification:ubl:schema:xsd:CommonBasicComponents-2"
			xmlns="urn:oasis:names:specification:ubl:schema:xsd:ApplicationResponse-2">
			<cac:DocumentResponse>
				<cac:Response>
					<cbc:ResponseCode listID="UNCL4343OpSubset">CA</cbc:ResponseCode>
				</cac:Response>
			</cac:DocumentResponse>
		</ApplicationResponse>
	</test>

	<test id="5">
		<assert>
			<error>PEPPOL-T111-R001</error>
		</assert>

		<ApplicationResponse
			xmlns:cac="urn:oasis:names:specification:ubl:schema:xsd:CommonAggregateComponents-2"
			xmlns:cbc="urn:oasis:names:specification:ubl:schema:xsd:CommonBasicComponents-2"
			xmlns="urn:oasis:names:specification:ubl:schema:xsd:ApplicationResponse-2">
			<cac:DocumentResponse>
				<cac:Response>
					<cbc:ResponseCode listID="UNCL4343OpSubset">UQ</cbc:ResponseCode>
				</cac:Response>
			</cac:DocumentResponse>
		</ApplicationResponse>
	</test>

	<test id="6">
		<assert>
			<error>PEPPOL-T111-R001</error>
		</assert>

		<ApplicationResponse
			xmlns:cac="urn:oasis:names:specification:ubl:schema:xsd:CommonAggregateComponents-2"
			xmlns:cbc="urn:oasis:names:specification:ubl:schema:xsd:CommonBasicComponents-2"
			xmlns="urn:oasis:names:specification:ubl:schema:xsd:ApplicationResponse-2">
			<cac:DocumentResponse>
				<cac:Response>
					<cbc:ResponseCode listID="UNCL4343OpSubset">RE</cbc:ResponseCode>
				</cac:Response>
			</cac:DocumentResponse>
		</ApplicationResponse>
	</test>

</testSet>
