<?xml version="1.0" encoding="UTF-8"?>
<testSet xmlns="http://difi.no/xsd/vefa/validator/1.0" configuration="peppolbis-en16931-base-3.0-cii">
	<assert>
		<description>Verify the length of BT-32 for Italian suppliers</description>
		<scope>IT-R-001</scope>
	</assert>
	<test>
		<assert>
			<success>IT-R-001</success>
		</assert>
		<CrossIndustryInvoice
				xmlns:udt="urn:un:unece:uncefact:data:standard:UnqualifiedDataType:100"
				xmlns:ram="urn:un:unece:uncefact:data:standard:ReusableAggregateBusinessInformationEntity:100"
				xmlns="urn:un:unece:uncefact:data:standard:CrossIndustryInvoice:100">

			<SupplyChainTradeTransaction>
				<ram:ApplicableHeaderTradeAgreement>
					<ram:SellerTradeParty>
						<ram:SpecifiedTaxRegistration>
							<ram:ID schemeID="VA">IT12345678901</ram:ID>
						</ram:SpecifiedTaxRegistration>
						<ram:SpecifiedTaxRegistration>
							<ram:ID schemeID="FC">IT07945211006</ram:ID>
						</ram:SpecifiedTaxRegistration>
						<ram:PostalTradeAddress>
							<ram:CountryID>IT</ram:CountryID>
						</ram:PostalTradeAddress>
					</ram:SellerTradeParty>
				</ram:ApplicableHeaderTradeAgreement>
			</SupplyChainTradeTransaction>

		</CrossIndustryInvoice>
	</test>

	<test>
		<assert>
			<success>IT-R-001</success>
		</assert>
		<CrossIndustryInvoice
			xmlns:udt="urn:un:unece:uncefact:data:standard:UnqualifiedDataType:100"
			xmlns:ram="urn:un:unece:uncefact:data:standard:ReusableAggregateBusinessInformationEntity:100"
			xmlns="urn:un:unece:uncefact:data:standard:CrossIndustryInvoice:100">
			
			<SupplyChainTradeTransaction>
				<ram:ApplicableHeaderTradeAgreement>
					<ram:SellerTradeParty>
						<ram:SpecifiedTaxRegistration>
							<ram:ID schemeID="VA">IT12345678901</ram:ID>
						</ram:SpecifiedTaxRegistration>
						 <ram:SpecifiedTaxRegistration>
							 <ram:ID schemeID="FC">Otherinfo</ram:ID> 
						</ram:SpecifiedTaxRegistration>
						<ram:PostalTradeAddress>
							<ram:CountryID>NO</ram:CountryID>
						</ram:PostalTradeAddress>
					</ram:SellerTradeParty>
				</ram:ApplicableHeaderTradeAgreement>
			</SupplyChainTradeTransaction>
			
		</CrossIndustryInvoice>
	</test>
	
	<test>
		<assert>
			<error>IT-R-001</error>
		</assert>
		<CrossIndustryInvoice
				xmlns:udt="urn:un:unece:uncefact:data:standard:UnqualifiedDataType:100"
				xmlns:ram="urn:un:unece:uncefact:data:standard:ReusableAggregateBusinessInformationEntity:100"
				xmlns="urn:un:unece:uncefact:data:standard:CrossIndustryInvoice:100">

			<SupplyChainTradeTransaction>
				<ram:ApplicableHeaderTradeAgreement>
					<ram:SellerTradeParty>
						<ram:SpecifiedTaxRegistration>
							<ram:ID schemeID="VA">IT12345678901</ram:ID>
						</ram:SpecifiedTaxRegistration>
						 <ram:SpecifiedTaxRegistration>
							 <ram:ID schemeID="FC">Otherinfo</ram:ID> 
						</ram:SpecifiedTaxRegistration> 
						<ram:PostalTradeAddress>
							<ram:CountryID>IT</ram:CountryID>
						</ram:PostalTradeAddress>
					</ram:SellerTradeParty>
				</ram:ApplicableHeaderTradeAgreement>
			</SupplyChainTradeTransaction>

		</CrossIndustryInvoice>
	</test>
</testSet>
