<?xml version="1.0" encoding="UTF-8"?>
<testSet xmlns="http://difi.no/xsd/vefa/validator/1.0" configuration="ehf-t14-base-2.0">
	<assert>
		<scope>NOGOV-T14-R006</scope>
	</assert>
	<test>
		<assert>
			<description>Trigger no warning when party identifier is present.</description>
			<success>NOGOV-T14-R006</success>
		</assert>
		<CreditNote xmlns:cac="urn:oasis:names:specification:ubl:schema:xsd:CommonAggregateComponents-2"
			xmlns:cbc="urn:oasis:names:specification:ubl:schema:xsd:CommonBasicComponents-2"
			xmlns="urn:oasis:names:specification:ubl:schema:xsd:CreditNote-2">

			<cac:AccountingCustomerParty>
				<cac:Party>
					<cac:PartyIdentification>
						<cbc:ID>123456785</cbc:ID>
					</cac:PartyIdentification>
				</cac:Party>
			</cac:AccountingCustomerParty>

		</CreditNote>
	</test>
	<test>
		<assert>
			<description>Trigger warning when party identifier is missing.</description>
			<warning>NOGOV-T14-R006</warning>
		</assert>
		<CreditNote xmlns:cac="urn:oasis:names:specification:ubl:schema:xsd:CommonAggregateComponents-2"
			xmlns:cbc="urn:oasis:names:specification:ubl:schema:xsd:CommonBasicComponents-2"
			xmlns="urn:oasis:names:specification:ubl:schema:xsd:CreditNote-2">

			<cac:AccountingCustomerParty>
				<cac:Party>
					<cac:PartyIdentification>
						<!-- <cbc:ID>123456785</cbc:ID> -->
					</cac:PartyIdentification>
				</cac:Party>
			</cac:AccountingCustomerParty>

		</CreditNote>
	</test>
</testSet>
