<?xml version="1.0" encoding="UTF-8"?>
<testSet xmlns="http://difi.no/xsd/vefa/validator/1.0" configuration="ehf-t14-base-2.0">
	<assert>
		<scope>NOGOV-T14-R025</scope>
	</assert>
	<test>
		<assert>
			<description>Verify tax amount contains no more than 2 decimals.</description>
			<success number="3">NOGOV-T14-R025</success>
		</assert>
		<CreditNote xmlns:cac="urn:oasis:names:specification:ubl:schema:xsd:CommonAggregateComponents-2"
			xmlns:cbc="urn:oasis:names:specification:ubl:schema:xsd:CommonBasicComponents-2"
			xmlns="urn:oasis:names:specification:ubl:schema:xsd:CreditNote-2">

			<cac:TaxTotal>
				<cbc:TaxAmount>100000</cbc:TaxAmount>
			</cac:TaxTotal>
			<cac:TaxTotal>
				<cbc:TaxAmount>10000.0</cbc:TaxAmount>
			</cac:TaxTotal>
			<cac:TaxTotal>
				<cbc:TaxAmount>1000.00</cbc:TaxAmount>
			</cac:TaxTotal>

		</CreditNote>
	</test>
	<test>
		<assert>
			<description>Verify tax amount contains no more than 2 decimals.</description>
			<error number="3">NOGOV-T14-R025</error>
		</assert>
		<CreditNote xmlns:cac="urn:oasis:names:specification:ubl:schema:xsd:CommonAggregateComponents-2"
			xmlns:cbc="urn:oasis:names:specification:ubl:schema:xsd:CommonBasicComponents-2"
			xmlns="urn:oasis:names:specification:ubl:schema:xsd:CreditNote-2">

			<cac:TaxTotal>
				<cbc:TaxAmount>100.000</cbc:TaxAmount>
			</cac:TaxTotal>
			<cac:TaxTotal>
				<cbc:TaxAmount>10.0000</cbc:TaxAmount>
			</cac:TaxTotal>
			<cac:TaxTotal>
				<cbc:TaxAmount>1.00000</cbc:TaxAmount>
			</cac:TaxTotal>

		</CreditNote>
	</test>
</testSet>
