<?xml version="1.0" encoding="UTF-8"?>
<testSet xmlns="http://difi.no/xsd/vefa/validator/1.0" configuration="ehf-t10-base-2.0">
	<assert>
		<scope>NONAT-T10-R018</scope>
	</assert>
	<test>
		<assert>
			<description>Verify company identifer is present when describing party legal entity.</description>
			<success>NONAT-T10-R018</success>
		</assert>
		<Invoice xmlns:cac="urn:oasis:names:specification:ubl:schema:xsd:CommonAggregateComponents-2"
			xmlns:cbc="urn:oasis:names:specification:ubl:schema:xsd:CommonBasicComponents-2"
			xmlns="urn:oasis:names:specification:ubl:schema:xsd:Invoice-2">

			<cac:AccountingCustomerParty>
				<cac:PartyLegalEntity>
					<cbc:CompanyID>123456789</cbc:CompanyID>
				</cac:PartyLegalEntity>
			</cac:AccountingCustomerParty>

		</Invoice>
	</test>
	<test>
		<assert>
			<description>Trigger error when company identifer is not present when describing party legal entity.</description>
			<error>NONAT-T10-R018</error>
		</assert>
		<Invoice xmlns:cac="urn:oasis:names:specification:ubl:schema:xsd:CommonAggregateComponents-2"
			xmlns:cbc="urn:oasis:names:specification:ubl:schema:xsd:CommonBasicComponents-2"
			xmlns="urn:oasis:names:specification:ubl:schema:xsd:Invoice-2">

			<cac:AccountingCustomerParty>
				<cac:PartyLegalEntity>
					<!-- <cbc:CompanyID>123456789</cbc:CompanyID> -->
				</cac:PartyLegalEntity>
			</cac:AccountingCustomerParty>

		</Invoice>
	</test>
</testSet>