<?xml version="1.0" encoding="UTF-8"?>
<testSet xmlns="http://difi.no/xsd/vefa/validator/1.0" configuration="ehf-t10-base-2.0">
	<assert>
		<scope>NONAT-T10-R032</scope>
	</assert>
	<test>
		<assert>
			<description>Trigger no warning when taxable category is correct.</description>
			<success>NONAT-T10-R032</success>
		</assert>
		<Invoice xmlns:cac="urn:oasis:names:specification:ubl:schema:xsd:CommonAggregateComponents-2"
			xmlns:cbc="urn:oasis:names:specification:ubl:schema:xsd:CommonBasicComponents-2"
			xmlns="urn:oasis:names:specification:ubl:schema:xsd:Invoice-2">

			<cac:TaxTotal>
				<cac:TaxSubtotal>
					<cac:TaxCategory>
						<cbc:ID>S</cbc:ID>
						<cbc:Percent>25</cbc:Percent>
					</cac:TaxCategory>
				</cac:TaxSubtotal>
			</cac:TaxTotal>

			<cac:InvoiceLine>
				<cac:Item>
					<cac:ClassifiedTaxCategory>
						<cbc:ID>S</cbc:ID>
					</cac:ClassifiedTaxCategory>
				</cac:Item>
			</cac:InvoiceLine>

		</Invoice>
	</test>
	<test>
		<assert>
			<description>Trigger warning when taxable category is incorrect.</description>
			<error>NONAT-T10-R032</error>
		</assert>
		<Invoice xmlns:cac="urn:oasis:names:specification:ubl:schema:xsd:CommonAggregateComponents-2"
			xmlns:cbc="urn:oasis:names:specification:ubl:schema:xsd:CommonBasicComponents-2"
			xmlns="urn:oasis:names:specification:ubl:schema:xsd:Invoice-2">

			<cac:TaxTotal>
				<cac:TaxSubtotal>
					<cac:TaxCategory>
						<cbc:ID>S</cbc:ID>
						<cbc:Percent>25</cbc:Percent>
					</cac:TaxCategory>
				</cac:TaxSubtotal>
			</cac:TaxTotal>

			<cac:InvoiceLine>
				<cac:Item>
					<cac:ClassifiedTaxCategory>
						<cbc:ID>AA</cbc:ID>
					</cac:ClassifiedTaxCategory>
				</cac:Item>
			</cac:InvoiceLine>

		</Invoice>
	</test>
	<test>
		<assert>
			<description>Trigger no warning when taxable category is correct.</description>
			<success>NONAT-T10-R032</success>
		</assert>
		<Invoice xmlns:cac="urn:oasis:names:specification:ubl:schema:xsd:CommonAggregateComponents-2"
			xmlns:cbc="urn:oasis:names:specification:ubl:schema:xsd:CommonBasicComponents-2"
			xmlns="urn:oasis:names:specification:ubl:schema:xsd:Invoice-2">

			<cac:TaxTotal>
				<cac:TaxSubtotal>
					<cac:TaxCategory>
						<cbc:ID>S</cbc:ID>
						<cbc:Percent>25</cbc:Percent>
					</cac:TaxCategory>
				</cac:TaxSubtotal>
			</cac:TaxTotal>

			<cac:AllowanceCharge>
				<cac:TaxCategory>
					<cbc:ID>S</cbc:ID>
				</cac:TaxCategory>
			</cac:AllowanceCharge>

		</Invoice>
	</test>
	<test>
		<assert>
			<description>Trigger warning when taxable category is incorrect.</description>
			<error>NONAT-T10-R032</error>
		</assert>
		<Invoice xmlns:cac="urn:oasis:names:specification:ubl:schema:xsd:CommonAggregateComponents-2"
			xmlns:cbc="urn:oasis:names:specification:ubl:schema:xsd:CommonBasicComponents-2"
			xmlns="urn:oasis:names:specification:ubl:schema:xsd:Invoice-2">

			<cac:TaxTotal>
				<cac:TaxSubtotal>
					<cac:TaxCategory>
						<cbc:ID>S</cbc:ID>
						<cbc:Percent>25</cbc:Percent>
					</cac:TaxCategory>
				</cac:TaxSubtotal>
			</cac:TaxTotal>

			<cac:AllowanceCharge>
				<cac:TaxCategory>
					<cbc:ID>AA</cbc:ID>
				</cac:TaxCategory>
			</cac:AllowanceCharge>

		</Invoice>
	</test>
</testSet>
