<?xml version="1.0" encoding="UTF-8"?>
<testSet xmlns="http://difi.no/xsd/vefa/validator/1.0" configuration="ehf-t10-base-2.0">
	<assert>
		<scope>NONAT-T10-R017</scope>
	</assert>
	<test>
		<assert>
			<description>Verify identifier is in tax scheme.</description>
			<success>NONAT-T10-R017</success>
		</assert>
		<Invoice xmlns:cac="urn:oasis:names:specification:ubl:schema:xsd:CommonAggregateComponents-2"
			xmlns:cbc="urn:oasis:names:specification:ubl:schema:xsd:CommonBasicComponents-2"
			xmlns="urn:oasis:names:specification:ubl:schema:xsd:Invoice-2">

			<cac:TaxScheme>
				<cbc:ID/>
			</cac:TaxScheme>

		</Invoice>
	</test>
	<test>
		<assert>
			<description>Trigger error when identifier is not in tax scheme.</description>
			<error>NONAT-T10-R017</error>
		</assert>
		<Invoice xmlns:cac="urn:oasis:names:specification:ubl:schema:xsd:CommonAggregateComponents-2"
			xmlns:cbc="urn:oasis:names:specification:ubl:schema:xsd:CommonBasicComponents-2"
			xmlns="urn:oasis:names:specification:ubl:schema:xsd:Invoice-2">

			<cac:TaxScheme>
				<!-- <cbc:ID/> -->
			</cac:TaxScheme>

		</Invoice>
	</test>
</testSet>