<?xml version="1.0" encoding="UTF-8"?>
<testSet xmlns="http://difi.no/xsd/vefa/validator/1.0" configuration="ehf-t10-base-2.0">
	<assert>
		<scope>NONAT-T10-R023</scope>
	</assert>
	<test>
		<assert>
			<description>Verify tax inclusive amount is zero or positive.</description>
			<success>NONAT-T10-R023</success>
		</assert>
		<Invoice xmlns:cac="urn:oasis:names:specification:ubl:schema:xsd:CommonAggregateComponents-2"
			xmlns:cbc="urn:oasis:names:specification:ubl:schema:xsd:CommonBasicComponents-2"
			xmlns="urn:oasis:names:specification:ubl:schema:xsd:Invoice-2">

			<cac:LegalMonetaryTotal>
				<cbc:TaxInclusiveAmount>100</cbc:TaxInclusiveAmount>
			</cac:LegalMonetaryTotal>

		</Invoice>
	</test>
	<test>
		<assert>
			<description>Verify tax inclusive amount is zero or positive.</description>
			<success>NONAT-T10-R023</success>
		</assert>
		<Invoice xmlns:cac="urn:oasis:names:specification:ubl:schema:xsd:CommonAggregateComponents-2"
			xmlns:cbc="urn:oasis:names:specification:ubl:schema:xsd:CommonBasicComponents-2"
			xmlns="urn:oasis:names:specification:ubl:schema:xsd:Invoice-2">

			<cac:LegalMonetaryTotal>
				<cbc:TaxInclusiveAmount>0</cbc:TaxInclusiveAmount>
			</cac:LegalMonetaryTotal>

		</Invoice>
	</test>
	<test>
		<assert>
			<description>Triggers warning when tax inclusive amount negative.</description>
			<warning>NONAT-T10-R023</warning>
		</assert>
		<Invoice xmlns:cac="urn:oasis:names:specification:ubl:schema:xsd:CommonAggregateComponents-2"
			xmlns:cbc="urn:oasis:names:specification:ubl:schema:xsd:CommonBasicComponents-2"
			xmlns="urn:oasis:names:specification:ubl:schema:xsd:Invoice-2">

			<cac:LegalMonetaryTotal>
				<cbc:TaxInclusiveAmount>-100</cbc:TaxInclusiveAmount>
			</cac:LegalMonetaryTotal>

		</Invoice>
	</test>
</testSet>