<?xml version="1.0" encoding="UTF-8"?>
<testSet xmlns="http://difi.no/xsd/vefa/validator/1.0" configuration="ehf-t10-base-2.0">
	<assert>
		<scope>NONAT-T10-R006</scope>
	</assert>
	<test>
		<assert>
			<description>Verify supplier postal address is present.</description>
			<success>NONAT-T10-R006</success>
		</assert>
		<Invoice xmlns:cac="urn:oasis:names:specification:ubl:schema:xsd:CommonAggregateComponents-2"
			xmlns:cbc="urn:oasis:names:specification:ubl:schema:xsd:CommonBasicComponents-2"
			xmlns="urn:oasis:names:specification:ubl:schema:xsd:Invoice-2">

			<cac:AccountingSupplierParty>
				<cac:Party>
					<cac:PostalAddress>
						<cbc:CityName>Test</cbc:CityName>
						<cbc:PostalZone>0000</cbc:PostalZone>
						<cac:Country>
							<cbc:IdentificationCode>NO</cbc:IdentificationCode>
						</cac:Country>
					</cac:PostalAddress>
				</cac:Party>
			</cac:AccountingSupplierParty>

		</Invoice>
	</test>
	<test>
		<assert>
			<description>Trigger error when supplier postal address is not complete.</description>
			<error>NONAT-T10-R006</error>
		</assert>
		<Invoice xmlns:cac="urn:oasis:names:specification:ubl:schema:xsd:CommonAggregateComponents-2"
			xmlns:cbc="urn:oasis:names:specification:ubl:schema:xsd:CommonBasicComponents-2"
			xmlns="urn:oasis:names:specification:ubl:schema:xsd:Invoice-2">

			<cac:AccountingSupplierParty>
				<cac:Party>
					<cac:PostalAddress>
						<!-- <cbc:CityName>Test</cbc:CityName> -->
						<cbc:PostalZone>0000</cbc:PostalZone>
						<cac:Country>
							<cbc:IdentificationCode>NO</cbc:IdentificationCode>
						</cac:Country>
					</cac:PostalAddress>
				</cac:Party>
			</cac:AccountingSupplierParty>

		</Invoice>
	</test>
	<test>
		<assert>
			<description>Trigger error when supplier postal address is not complete.</description>
			<error>NONAT-T10-R006</error>
		</assert>
		<Invoice xmlns:cac="urn:oasis:names:specification:ubl:schema:xsd:CommonAggregateComponents-2"
			xmlns:cbc="urn:oasis:names:specification:ubl:schema:xsd:CommonBasicComponents-2"
			xmlns="urn:oasis:names:specification:ubl:schema:xsd:Invoice-2">

			<cac:AccountingSupplierParty>
				<cac:Party>
					<cac:PostalAddress>
						<cbc:CityName>Test</cbc:CityName>
						<!-- <cbc:PostalZone>0000</cbc:PostalZone> -->
						<cac:Country>
							<cbc:IdentificationCode>NO</cbc:IdentificationCode>
						</cac:Country>
					</cac:PostalAddress>
				</cac:Party>
			</cac:AccountingSupplierParty>

		</Invoice>
	</test>
	<test>
		<assert>
			<description>Trigger error when supplier postal address is not complete.</description>
			<error>NONAT-T10-R006</error>
		</assert>
		<Invoice xmlns:cac="urn:oasis:names:specification:ubl:schema:xsd:CommonAggregateComponents-2"
			xmlns:cbc="urn:oasis:names:specification:ubl:schema:xsd:CommonBasicComponents-2"
			xmlns="urn:oasis:names:specification:ubl:schema:xsd:Invoice-2">

			<cac:AccountingSupplierParty>
				<cac:Party>
					<cac:PostalAddress>
						<cbc:CityName>Test</cbc:CityName>
						<cbc:PostalZone>0000</cbc:PostalZone>
						<!-- <cac:Country>
							<cbc:IdentificationCode>NO</cbc:IdentificationCode>
						</cac:Country> -->
					</cac:PostalAddress>
				</cac:Party>
			</cac:AccountingSupplierParty>

		</Invoice>
	</test>
	<test>
		<assert>
			<description>Trigger error when supplier postal address is not present.</description>
			<error>NONAT-T10-R006</error>
		</assert>
		<Invoice xmlns:cac="urn:oasis:names:specification:ubl:schema:xsd:CommonAggregateComponents-2"
			xmlns:cbc="urn:oasis:names:specification:ubl:schema:xsd:CommonBasicComponents-2"
			xmlns="urn:oasis:names:specification:ubl:schema:xsd:Invoice-2">

			<cac:AccountingSupplierParty>
				<cac:Party>
					<!-- <cac:PostalAddress>
						<cbc:CityName>Test</cbc:CityName>
						<cbc:PostalZone>0000</cbc:PostalZone>
						<cac:Country>
							<cbc:IdentificationCode>NO</cbc:IdentificationCode>
						</cac:Country>
					</cac:PostalAddress> -->
				</cac:Party>
			</cac:AccountingSupplierParty>

		</Invoice>
	</test>
</testSet>