<?xml version="1.0" encoding="UTF-8"?>
<Catalogue xmlns="urn:oasis:names:specification:ubl:schema:xsd:Catalogue-2" xmlns:cac="urn:oasis:names:specification:ubl:schema:xsd:CommonAggregateComponents-2" xmlns:cbc="urn:oasis:names:specification:ubl:schema:xsd:CommonBasicComponents-2">
	<cbc:UBLVersionID>2.1</cbc:UBLVersionID>
	<cbc:CustomizationID>urn:www.cenbii.eu:transaction:biitrns077:ver2.0:extended:www.peppol.eu:bis:peppol18a:ver1.0:extended:urn:fdc:difi.no:2017:ehf:spec:1.0</cbc:CustomizationID>
	<cbc:ProfileID>urn:www.cenbii.eu:profile:bii18:ver1.0</cbc:ProfileID>
	<cbc:ID>1387</cbc:ID>
	<cbc:ActionCode>false</cbc:ActionCode>
	<cbc:IssueDate>2017-09-15</cbc:IssueDate>
	<cbc:IssueTime>09:00:00</cbc:IssueTime>
	<cac:ValidityPeriod>
		<cbc:EndDate>2017-12-31</cbc:EndDate>
		<cbc:EndTime>18:00:00</cbc:EndTime>
	</cac:ValidityPeriod>
	<cac:ReferencedContract>
		<cbc:ID>CRT1387</cbc:ID>
	</cac:ReferencedContract>
	<cac:ProviderParty>
		<cbc:EndpointID schemeID="NO:ORGNR">965678996</cbc:EndpointID>
		<cac:PartyIdentification>
			<cbc:ID schemeID="NO:ORGNR">965678996</cbc:ID>
		</cac:PartyIdentification>
		<cac:PartyName>
			<cbc:Name>ABC Supplier Ltd.</cbc:Name>
		</cac:PartyName>
	</cac:ProviderParty>
	<cac:ReceiverParty>
		<cbc:EndpointID schemeID="NO:ORGNR">984661185</cbc:EndpointID>
		<cac:PartyIdentification>
			<cbc:ID schemeID="NO:ORGNR">984661185</cbc:ID>
		</cac:PartyIdentification>
		<cac:PartyIdentification>
			<cbc:ID schemeID="ZZZ">SELLERASSIGNEDID</cbc:ID>
		</cac:PartyIdentification>
		<cac:PartyName>
			<cbc:Name>DEF Customer Ltd.</cbc:Name>
		</cac:PartyName>
		<cac:Contact>
			<cbc:ID>buyers ref no</cbc:ID>
		</cac:Contact>
	</cac:ReceiverParty>
	<cac:CatalogueLine>
		<cbc:ID>1</cbc:ID>
		<cbc:ContractSubdivision>CRT1387</cbc:ContractSubdivision>
		<cac:LineValidityPeriod>
			<cbc:StartDate>2017-12-31</cbc:StartDate>
		</cac:LineValidityPeriod>
		<cac:RequiredItemLocationQuantity>
			<cbc:LeadTimeMeasure unitCode="DAY">10</cbc:LeadTimeMeasure>
			<cac:Price>
				<cbc:PriceAmount currencyID="NOK">10000.00</cbc:PriceAmount>
				<cbc:BaseQuantity unitCode="C62">1</cbc:BaseQuantity>
			</cac:Price>
			<cac:DeliveryUnit>
				<cbc:BatchQuantity unitCode="C62">1</cbc:BatchQuantity>
			</cac:DeliveryUnit>
		</cac:RequiredItemLocationQuantity>
		<cac:Item>
			<cbc:Description>One Personal Computer package with a monitor and setup service</cbc:Description>
			<cbc:Name>PC computer package</cbc:Name>
			<cac:SellersItemIdentification>
				<cbc:ID>PC01</cbc:ID>
			</cac:SellersItemIdentification>
			<cac:ManufacturersItemIdentification>
				<cbc:ID>PC01349087993</cbc:ID>
			</cac:ManufacturersItemIdentification>
			<cac:StandardItemIdentification>
				<cbc:ID schemeID="GTIN">1234567890123</cbc:ID>
			</cac:StandardItemIdentification>
			<cac:ItemSpecificationDocumentReference>
				<cbc:ID>PC01specs.pdf</cbc:ID>
				<cbc:DocumentType>PC detailed specification</cbc:DocumentType>
				<cac:Attachment>
					<cbc:EmbeddedDocumentBinaryObject mimeCode="application/pdf">UjBsR09EbGhjZ0dTQUxNQUFBUUNBRU1tQ1p0dU1GUXhEUzhi</cbc:EmbeddedDocumentBinaryObject>
				</cac:Attachment>
			</cac:ItemSpecificationDocumentReference>
			<cac:OriginCountry>
				<cbc:IdentificationCode>CH</cbc:IdentificationCode>
			</cac:OriginCountry>
			<cac:CommodityClassification>
				<cbc:ItemClassificationCode listID="UNSPSC">43211508</cbc:ItemClassificationCode>
			</cac:CommodityClassification>
			<cac:ClassifiedTaxCategory>
				<cbc:ID schemeID="UNCL5305">S</cbc:ID>
				<cbc:Percent>25</cbc:Percent>
				<cac:TaxScheme>
					<cbc:ID schemeID="UNCL5103">VAT</cbc:ID>
				</cac:TaxScheme>
			</cac:ClassifiedTaxCategory>
			<cac:AdditionalItemProperty>
				<cbc:Name>ServiceIndicator</cbc:Name>
				<cbc:Value>false</cbc:Value>
			</cac:AdditionalItemProperty>
			<cac:AdditionalItemProperty>
				<cbc:Name>RAM memory</cbc:Name>
				<cbc:NameCode>Item property classification code</cbc:NameCode>
				<cbc:Value>16 GB</cbc:Value>
				<cbc:ValueQuantity unitCode="AD" unitCodeListID="UNECERec20">16000000</cbc:ValueQuantity>
			</cac:AdditionalItemProperty>
		</cac:Item>
	</cac:CatalogueLine>
	<cac:CatalogueLine>
		<cbc:ID>2</cbc:ID>
		<cac:RequiredItemLocationQuantity>
			<cac:Price>
				<cbc:PriceAmount currencyID="NOK">11100.00</cbc:PriceAmount>
				<cbc:BaseQuantity unitCode="C62">1</cbc:BaseQuantity>
			</cac:Price>
			<cac:DeliveryUnit>
				<cbc:BatchQuantity unitCode="C62">1</cbc:BatchQuantity>
			</cac:DeliveryUnit>
		</cac:RequiredItemLocationQuantity>
		<cac:Item>
			<cbc:Description>21 inch monitor.</cbc:Description>
			<cbc:Name>Monitor</cbc:Name>
			<cac:SellersItemIdentification>
				<cbc:ID>MNTR01</cbc:ID>
			</cac:SellersItemIdentification>
			<cac:ManufacturersItemIdentification>
				<cbc:ID>MNTR01349087993</cbc:ID>
			</cac:ManufacturersItemIdentification>
			<cac:StandardItemIdentification>
				<cbc:ID schemeID="GTIN">1234567890124</cbc:ID>
			</cac:StandardItemIdentification>
			<cac:ItemSpecificationDocumentReference>
				<cbc:ID>PC01image.jpeg</cbc:ID>
				<cbc:DocumentType>Picture of the computer with monitor</cbc:DocumentType>
				<cac:Attachment>
					<cbc:EmbeddedDocumentBinaryObject mimeCode="image/jpeg">UjBsR09EbGhjZ0dTQUxNQUFBUUNBRU1tQ1p0dU1GUXhEUzhi</cbc:EmbeddedDocumentBinaryObject>
				</cac:Attachment>
			</cac:ItemSpecificationDocumentReference>
			<cac:CommodityClassification>
				<cbc:ItemClassificationCode listID="UNSPSC">20101601</cbc:ItemClassificationCode>
			</cac:CommodityClassification>
			<cac:ClassifiedTaxCategory>
				<cbc:ID schemeID="UNCL5305">S</cbc:ID>
				<cbc:Percent>25</cbc:Percent>
				<cac:TaxScheme>
					<cbc:ID>VAT</cbc:ID>
				</cac:TaxScheme>
			</cac:ClassifiedTaxCategory>
			<cac:AdditionalItemProperty>
				<cbc:Name>PartOf</cbc:Name>
				<cbc:Value>PC01</cbc:Value>
			</cac:AdditionalItemProperty>
		</cac:Item>
	</cac:CatalogueLine>
	<cac:CatalogueLine>
		<cbc:ID>3</cbc:ID>
		<cbc:ContractSubdivision>CRT1387</cbc:ContractSubdivision>
		<cac:RequiredItemLocationQuantity>
			<cac:Price>
				<cbc:PriceAmount currencyID="NOK">200.00</cbc:PriceAmount>
			</cac:Price>
			<cac:DeliveryUnit>
				<cbc:BatchQuantity unitCode="HUR">2</cbc:BatchQuantity>
			</cac:DeliveryUnit>
		</cac:RequiredItemLocationQuantity>
		<cac:Item>
			<cbc:Description>Linux installation service.</cbc:Description>
			<cbc:Name>Installation service</cbc:Name>
			<cac:SellersItemIdentification>
				<cbc:ID>INST01</cbc:ID>
			</cac:SellersItemIdentification>
			<cac:ClassifiedTaxCategory>
				<cbc:ID schemeID="UNCL5305">AA</cbc:ID>
				<cbc:Percent>25</cbc:Percent>
				<cac:TaxScheme>
					<cbc:ID>VAT</cbc:ID>
				</cac:TaxScheme>
			</cac:ClassifiedTaxCategory>
			<cac:AdditionalItemProperty>
				<cbc:Name>PartOf</cbc:Name>
				<cbc:Value>PC01</cbc:Value>
			</cac:AdditionalItemProperty>
			<cac:AdditionalItemProperty>
				<cbc:Name>ServiceIndicator</cbc:Name>
				<cbc:Value>true</cbc:Value>
			</cac:AdditionalItemProperty>
		</cac:Item>
	</cac:CatalogueLine>
</Catalogue>
