﻿<?xml version="1.0" encoding="UTF-8"?>
<Order xmlns="urn:oasis:names:specification:ubl:schema:xsd:Order-2" xmlns:cac="urn:oasis:names:specification:ubl:schema:xsd:CommonAggregateComponents-2" xmlns:cbc="urn:oasis:names:specification:ubl:schema:xsd:CommonBasicComponents-2" xmlns:ccts="urn:oasis:names:specification:ubl:schema:xsd:CoreComponentParameters-2" xmlns:sdt="urn:oasis:names:specification:ubl:schema:xsd:SpecializedDatatypes-2" xmlns:udt="urn:un:unece:uncefact:data:specification:UnqualifiedDataTypesSchemaModule:2" xmlns:xsi="http://www.w3.org/2001/XMLSchema-instance" xsi:schemaLocation="urn:oasis:names:specification:ubl:schema:xsd:Order-2 UBL-Order-2.0.xsd">

<!--
******************************************************************************************************************

		OIOUBL Instance Documentation	

		title= COMDEL_03_01_04_Order_v2p1.xml	
		replaces= COMDEL_03_01_04_Order_v2p1.xml	
		publisher= "IT og Telestyrelsen"
		Creator= "Finn Christensen"
		created= 2006-09-08
		modified= 2007-03-26
		issued= 2007-03-26
		conformsTo= OIOUBL_ScenarioPackage_COMDEL
		description= "This document is produced as part of the OIOUBL Complex delivery procurement scenario package"
		rights= "It can be used following the Common Creative Licence"
		
		all terms derived from http://dublincore.org/documents/dcmi-terms/

		For more information, see www.oioubl.dk	or email oioubl@itst.dk
		
******************************************************************************************************************
-->
<!-- The following TestInstance process instruction is for customization usage. It indicates that the instance is for testing purposes -->
<?TestInstance 
	ResponseTo="smtp:test@company.dk"
	description= "apply your comment here"
?>

	<cbc:UBLVersionID>2.0</cbc:UBLVersionID>
	<cbc:CustomizationID>OIOUBL-2.01</cbc:CustomizationID>
	<cbc:ProfileID schemeAgencyID="320" schemeID="urn:oioubl:id:profileid-1.1">Procurement-OrdSimR-BilSim-1.0</cbc:ProfileID>
	<cbc:ID>5002701</cbc:ID>
	<cbc:CopyIndicator>false</cbc:CopyIndicator>
	<cbc:UUID>9756b468-8815-1029-857a-e388fe63f399</cbc:UUID>
	<cbc:IssueDate>2005-11-01</cbc:IssueDate>
	<cbc:DocumentCurrencyCode>DKK</cbc:DocumentCurrencyCode>
	<cac:BuyerCustomerParty>
		<cac:Party>
			<cbc:EndpointID schemeAgencyID="9" schemeID="GLN">5798000700814</cbc:EndpointID>
			<cac:PartyIdentification>
				<cbc:ID schemeAgencyID="9" schemeID="GLN">5798000700814</cbc:ID>
			</cac:PartyIdentification>
			<cac:PartyName>
				<cbc:Name>Københavns Universitet - Uddannelsesadministration</cbc:Name>
			</cac:PartyName>
			<cac:PostalAddress>
				<cbc:AddressFormatCode listAgencyID="320" listID="urn:oioubl:codelist:addressformatcode-1.1">StructuredDK</cbc:AddressFormatCode>
				<cbc:StreetName>Fiolstræde</cbc:StreetName>
				<cbc:BuildingNumber>22</cbc:BuildingNumber>
				<cbc:CityName>København K</cbc:CityName>
				<cbc:PostalZone>1171</cbc:PostalZone>
				<cac:Country>
					<cbc:IdentificationCode>DK</cbc:IdentificationCode>
				</cac:Country>
			</cac:PostalAddress>
			<cac:PartyLegalEntity>
				<cbc:RegistrationName>Københavns Universitet - Uddannelsesadministration</cbc:RegistrationName>
				<cbc:CompanyID schemeID="DK:CVR">DK38633435</cbc:CompanyID>
			</cac:PartyLegalEntity>
			<cac:Contact>
				<cbc:ID>7778</cbc:ID>
				<cbc:Name>Kim Kristoffersen</cbc:Name>
				<cbc:Telephone>35322626</cbc:Telephone>
				<cbc:ElectronicMail>kk@kua.dk</cbc:ElectronicMail>
			</cac:Contact>
		</cac:Party>
	</cac:BuyerCustomerParty>
	<cac:SellerSupplierParty>
		<cac:Party>
			<cbc:EndpointID schemeID="DK:CVR">DK12542976</cbc:EndpointID>
			<cac:PartyIdentification>
				<cbc:ID schemeID="DK:CVR">DK12542976</cbc:ID>
			</cac:PartyIdentification>
			<cac:PartyName>
				<cbc:Name>Aarstiderne</cbc:Name>
			</cac:PartyName>
			<cac:PostalAddress>
				<cbc:AddressFormatCode listAgencyID="320" listID="urn:oioubl:codelist:addressformatcode-1.1">StructuredDK</cbc:AddressFormatCode>
				<cbc:StreetName>Barritskovvej</cbc:StreetName>
				<cbc:BuildingNumber>34</cbc:BuildingNumber>
				<cbc:CityName>Barrit</cbc:CityName>
				<cbc:PostalZone>7150</cbc:PostalZone>
				<cac:Country>
					<cbc:IdentificationCode>DK</cbc:IdentificationCode>
				</cac:Country>
			</cac:PostalAddress>
			<cac:Contact>
				<cbc:ID>23456</cbc:ID>
				<cbc:Name>Rita Hemmingsen</cbc:Name>
				<cbc:Telephone>70260066</cbc:Telephone>
				<cbc:ElectronicMail>rh@aarstid.dk</cbc:ElectronicMail>
			</cac:Contact>
		</cac:Party>
	</cac:SellerSupplierParty>
	<cac:Delivery>
		<cac:RequestedDeliveryPeriod>
			<cbc:StartDate>2005-12-19</cbc:StartDate>
			<cbc:EndDate>2005-12-19</cbc:EndDate>
		</cac:RequestedDeliveryPeriod>
	</cac:Delivery>
	<cac:TaxTotal>
		<cbc:TaxAmount currencyID="DKK">97.00</cbc:TaxAmount>
		<cac:TaxSubtotal>
			<cbc:TaxableAmount currencyID="DKK">388.00</cbc:TaxableAmount>
			<cbc:TaxAmount currencyID ="DKK">97.00</cbc:TaxAmount>
			<cac:TaxCategory>
				<cbc:ID schemeAgencyID="320" schemeID="urn:oioubl:id:taxcategoryid-1.1">StandardRated</cbc:ID>
				<cbc:Percent>25</cbc:Percent>
				<cac:TaxScheme>
					<cbc:ID schemeAgencyID="320" schemeID="urn:oioubl:id:taxschemeid-1.1">63</cbc:ID>
					<cbc:Name>Moms</cbc:Name>
				</cac:TaxScheme>
			</cac:TaxCategory>
		</cac:TaxSubtotal>
	</cac:TaxTotal>
	<cac:AnticipatedMonetaryTotal>
		<cbc:LineExtensionAmount currencyID ="DKK">388.00</cbc:LineExtensionAmount>
		<cbc:TaxExclusiveAmount currencyID ="DKK">97.00</cbc:TaxExclusiveAmount>
		<cbc:TaxInclusiveAmount currencyID ="DKK">485.00</cbc:TaxInclusiveAmount>
		<cbc:PayableAmount currencyID ="DKK">485.00</cbc:PayableAmount>
	</cac:AnticipatedMonetaryTotal>
	<cac:OrderLine>
		<cac:LineItem>
			<cbc:ID>1</cbc:ID>
			<cbc:Quantity unitCode="EA">1.00</cbc:Quantity>
			<cbc:LineExtensionAmount currencyID="DKK">388.00</cbc:LineExtensionAmount>
			<cac:Price>
				<cbc:PriceAmount currencyID="DKK">388.00</cbc:PriceAmount>
				<cbc:BaseQuantity unitCode="EA">1</cbc:BaseQuantity>
				<cbc:OrderableUnitFactorRate>1</cbc:OrderableUnitFactorRate>
			</cac:Price>
			<cac:Item>
				<cbc:Description>Frugtkurv - stor</cbc:Description>
				<cbc:Name>Frugtkurv - stor</cbc:Name>
				<cac:SellersItemIdentification>
					<cbc:ID schemeAgencyID="9" schemeID="GTIN">5712345780121</cbc:ID>
				</cac:SellersItemIdentification>
				<cac:ClassifiedTaxCategory>
					<cbc:ID schemeAgencyID="320" schemeID="urn:oioubl:id:taxcategoryid-1.1">StandardRated</cbc:ID>
					<cbc:Percent>25</cbc:Percent>
					<cac:TaxScheme>
						<cbc:ID schemeAgencyID="320" schemeID="urn:oioubl:id:taxschemeid-1.1">63</cbc:ID>
						<cbc:Name>Moms</cbc:Name>
					</cac:TaxScheme>
				</cac:ClassifiedTaxCategory>
			</cac:Item>
		</cac:LineItem>
	</cac:OrderLine>
</Order>
