﻿<?xml version="1.0" encoding="UTF-8"?>
<ApplicationResponse xmlns="urn:oasis:names:specification:ubl:schema:xsd:ApplicationResponse-2" xmlns:cac="urn:oasis:names:specification:ubl:schema:xsd:CommonAggregateComponents-2" xmlns:cbc="urn:oasis:names:specification:ubl:schema:xsd:CommonBasicComponents-2" xmlns:ccts="urn:oasis:names:specification:ubl:schema:xsd:CoreComponentParameters-2" xmlns:sdt="urn:oasis:names:specification:ubl:schema:xsd:SpecializedDatatypes-2" xmlns:udt="urn:un:unece:uncefact:data:specification:UnqualifiedDataTypesSchemaModule:2" xmlns:xsi="http://www.w3.org/2001/XMLSchema-instance" xsi:schemaLocation="urn:oasis:names:specification:ubl:schema:xsd:ApplicationResponse-2 UBL-ApplicationResponse-2.0.xsd">

<!--
******************************************************************************************************************

		OIOUBL Instance Documentation	

		title= COMDEL_03_01_04_ApplicationResponse_v2p1.xml	
		replaces= COMDEL_03_01_04_ApplicationResponse_v2p1.xml	
		publisher= "IT og Telestyrelsen"
		Creator= "Finn Christensen"
		created= 2006-09-08
		modified= 2007-03-26
		issued= 2007-03-26
		conformsTo= OIOUBL_ScenarioPackage_COMDEL
		description= "This document is produced as part of the OIOUBL Complex delivery procurement scenario package"
		rights= "It can be used following the Common Creative Licence"
		
		all terms derived from http://dublincore.org/documents/dcmi-terms/

		For more information, see www.oioubl.dk	or email oioubl@itst.dk
		
******************************************************************************************************************
-->
<!-- The following TestInstance process instruction is for customization usage. It indicates that the instance is for testing purposes -->
<?TestInstance 
	ResponseTo="smtp:test@company.dk"
	description= "apply your comment here"
?>

	<cbc:UBLVersionID>2.0</cbc:UBLVersionID>
	<cbc:CustomizationID>OIOUBL-2.01</cbc:CustomizationID>
	<cbc:ProfileID schemeAgencyID="320" schemeID="urn:oioubl:id:profileid-1.1">Procurement-OrdSimR-BilSim-1.0</cbc:ProfileID>
	<cbc:ID>B65830</cbc:ID>
	<cbc:UUID>9756b516-8815-1029-857a-e388fe63f399</cbc:UUID>
	<cbc:IssueDate>2005-11-20</cbc:IssueDate>
	<cac:SenderParty>
		<cbc:EndpointID schemeAgencyID="9" schemeID="GLN">5798000700814</cbc:EndpointID>
		<cac:PartyIdentification>
			<cbc:ID schemeAgencyID="9" schemeID="GLN">5798000700814</cbc:ID>
		</cac:PartyIdentification>
		<cac:PartyName>
			<cbc:Name>Københavns Universitet - Uddannelsesadministration</cbc:Name>
		</cac:PartyName>
		<cac:PostalAddress>
			<cbc:AddressFormatCode listAgencyID="320" listID="urn:oioubl:codelist:addressformatcode-1.1">StructuredDK</cbc:AddressFormatCode>
			<cbc:StreetName>Fiolstræde</cbc:StreetName>
			<cbc:BuildingNumber>22</cbc:BuildingNumber>
			<cbc:CityName>København K</cbc:CityName>
			<cbc:PostalZone>1171</cbc:PostalZone>
			<cac:Country>
				<cbc:IdentificationCode>DK</cbc:IdentificationCode>
			</cac:Country>
		</cac:PostalAddress>
		<cac:PartyLegalEntity>
			<cbc:RegistrationName>Københavns Universitet - Uddannelsesadministration</cbc:RegistrationName>
			<cbc:CompanyID schemeID="DK:CVR">DK38633435</cbc:CompanyID>
		</cac:PartyLegalEntity>
		<cac:Contact>
			<cbc:ID>7778</cbc:ID>
			<cbc:Name>Kim Kristoffersen</cbc:Name>
			<cbc:Telephone>35322626</cbc:Telephone>
			<cbc:ElectronicMail>kk@kua.dk</cbc:ElectronicMail>
		</cac:Contact>
	</cac:SenderParty>
	<cac:ReceiverParty>
		<cbc:EndpointID schemeID="DK:CVR">DK12542976</cbc:EndpointID>
		<cac:PartyIdentification>
			<cbc:ID schemeID="DK:CVR">DK12542976</cbc:ID>
		</cac:PartyIdentification>
		<cac:PartyName>
			<cbc:Name>Aarstiderne</cbc:Name>
		</cac:PartyName>
		<cac:PostalAddress>
			<cbc:AddressFormatCode listAgencyID="320" listID="urn:oioubl:codelist:addressformatcode-1.1">StructuredDK</cbc:AddressFormatCode>
			<cbc:StreetName>Barritskovvej</cbc:StreetName>
			<cbc:BuildingNumber>34</cbc:BuildingNumber>
			<cbc:CityName>Barrit</cbc:CityName>
			<cbc:PostalZone>7150</cbc:PostalZone>
			<cac:Country>
				<cbc:IdentificationCode>DK</cbc:IdentificationCode>
			</cac:Country>
		</cac:PostalAddress>
		<cac:PartyLegalEntity>
			<cbc:RegistrationName>Aarstiderne</cbc:RegistrationName>
			<cbc:CompanyID schemeID="DK:CVR">DK16356706</cbc:CompanyID>
		</cac:PartyLegalEntity>
		<cac:Contact>
			<cbc:ID>23456</cbc:ID>
			<cbc:Name>Rita Hemmingsen</cbc:Name>
			<cbc:Telephone>70260066</cbc:Telephone>
			<cbc:ElectronicMail>rh@aarstid.dk</cbc:ElectronicMail>
		</cac:Contact>
	</cac:ReceiverParty>
	<cac:DocumentResponse>
		<cac:Response>
			<cbc:ReferenceID>1</cbc:ReferenceID>
			<cbc:ResponseCode listAgencyID="320" listID="urn:oioubl:codelist:responsecode-1.1">BusinessReject</cbc:ResponseCode>
			<cbc:Description>Den leverede frugt var ikke frisk</cbc:Description>
		</cac:Response>
		<cac:DocumentReference>
			<cbc:ID>A00095678</cbc:ID>
			<cbc:CopyIndicator>false</cbc:CopyIndicator>
			<cbc:UUID>9756b4d0-8815-1029-857a-e388fe63f399</cbc:UUID>
			<cbc:IssueDate>2005-12-08</cbc:IssueDate>
			<cbc:DocumentTypeCode listAgencyID="320" listID="urn:oioubl:codelist:responsedocumenttypecode-1.1">Invoice</cbc:DocumentTypeCode>
		</cac:DocumentReference>
	</cac:DocumentResponse>
</ApplicationResponse>
