﻿<?xml version="1.0" encoding="UTF-8"?>
<Invoice xmlns="urn:oasis:names:specification:ubl:schema:xsd:Invoice-2" xmlns:cac="urn:oasis:names:specification:ubl:schema:xsd:CommonAggregateComponents-2" xmlns:cbc="urn:oasis:names:specification:ubl:schema:xsd:CommonBasicComponents-2" xmlns:ccts="urn:oasis:names:specification:ubl:schema:xsd:CoreComponentParameters-2" xmlns:sdt="urn:oasis:names:specification:ubl:schema:xsd:SpecializedDatatypes-2" xmlns:udt="urn:un:unece:uncefact:data:specification:UnqualifiedDataTypesSchemaModule:2" xmlns:xsi="http://www.w3.org/2001/XMLSchema-instance" xsi:schemaLocation="urn:oasis:names:specification:ubl:schema:xsd:Invoice-2 UBL-Invoice-2.0.xsd">

<!--
******************************************************************************************************************

		OIOUBL Instance Documentation	

		title= COMORG_01_01_00_Invoice_v2p1.xml	
		replaces= COMORG_01_01_00_Invoice_v2p1.xml	
		publisher= "IT og Telestyrelsen"
		Creator= "Finn Christensen"
		created= 2006-09-08
		modified= 2007-03-26
		issued= 2007-03-26
		conformsTo= OIOUBL_ScenarioPackage_COMORG
		description= "This document is produced as part of the OIOUBL Complex Organizations Procurement scenario package"
		rights= "It can be used following the Common Creative Licence"
		
		all terms derived from http://dublincore.org/documents/dcmi-terms/

		For more information, see www.oioubl.dk	or email oioubl@itst.dk
		
******************************************************************************************************************
-->
<!-- The following TestInstance process instruction is for customization usage. It indicates that the instance is for testing purposes -->
<?TestInstance 
	ResponseTo="smtp:test@company.dk"
	description= "apply your comment here"
?>

	<cbc:UBLVersionID>2.0</cbc:UBLVersionID>
	<cbc:CustomizationID>OIOUBL-2.01</cbc:CustomizationID>
	<cbc:ProfileID schemeAgencyID="320" schemeID="urn:oioubl:id:profileid-1.1">Procurement-OrdSimR-BilSim-1.0</cbc:ProfileID>
	<cbc:ID>A00095678</cbc:ID>
	<cbc:CopyIndicator>false</cbc:CopyIndicator>
	<cbc:UUID>9756b4d0-8815-1029-857a-e388fe63f399</cbc:UUID>
	<cbc:IssueDate>2005-11-20</cbc:IssueDate>
	<cbc:InvoiceTypeCode listAgencyID="320" listID="urn:oioubl:codelist:invoicetypecode-1.1">380</cbc:InvoiceTypeCode>
	<cbc:DocumentCurrencyCode>DKK</cbc:DocumentCurrencyCode>
	<cac:OrderReference>
		<cbc:ID>5002701</cbc:ID>
		<cbc:UUID>9756b468-8815-1029-857a-e388fe63f399</cbc:UUID>
		<cbc:IssueDate>2005-11-01</cbc:IssueDate>
	</cac:OrderReference>
	<cac:AccountingSupplierParty>
		<cac:Party>
			<cbc:EndpointID schemeID="DK:CVR">DK16356706</cbc:EndpointID>
			<cac:PartyIdentification>
				<cbc:ID schemeID="DK:CVR">DK16356706</cbc:ID>
			</cac:PartyIdentification>
			<cac:PartyName>
				<cbc:Name>Ordrup Office Supplies</cbc:Name>
			</cac:PartyName>
			<cac:PostalAddress>
				<cbc:AddressFormatCode listAgencyID="320" listID="urn:oioubl:codelist:addressformatcode-1.1">StructuredDK</cbc:AddressFormatCode>
				<cbc:StreetName>Ordrupvej</cbc:StreetName>
				<cbc:BuildingNumber>111</cbc:BuildingNumber>
				<cbc:CityName>Charlottenlund</cbc:CityName>
				<cbc:PostalZone>2620</cbc:PostalZone>
				<cac:Country>
					<cbc:IdentificationCode>DK</cbc:IdentificationCode>
				</cac:Country>
			</cac:PostalAddress>
			<cac:PartyTaxScheme>
				<cbc:CompanyID schemeID="DK:SE">DK16356706</cbc:CompanyID>
				<cac:TaxScheme>
					<cbc:ID schemeAgencyID="320" schemeID="urn:oioubl:id:taxschemeid-1.1">63</cbc:ID>
					<cbc:Name>Moms</cbc:Name>
				</cac:TaxScheme>
			</cac:PartyTaxScheme>
			<cac:PartyLegalEntity>
				<cbc:RegistrationName>Ordrup Office Supplies</cbc:RegistrationName>
				<cbc:CompanyID schemeID="DK:CVR">DK16356706</cbc:CompanyID>
			</cac:PartyLegalEntity>
			<cac:Contact>
				<cbc:ID>23456</cbc:ID>
				<cbc:Name>Helene Suppliesen</cbc:Name>
				<cbc:Telephone>15812337</cbc:Telephone>
				<cbc:ElectronicMail>Helene@oos.dk</cbc:ElectronicMail>
			</cac:Contact>
		</cac:Party>
	</cac:AccountingSupplierParty>
	<cac:AccountingCustomerParty>
		<cac:Party>
			<cbc:EndpointID schemeAgencyID="9" schemeID="GLN">5798000416604</cbc:EndpointID>
			<cac:PartyIdentification>
				<cbc:ID schemeAgencyID="9" schemeID="GLN">5798000416604</cbc:ID>
			</cac:PartyIdentification>
			<cac:PartyName>
				<cbc:Name>National IT and Telecom Agency</cbc:Name>
			</cac:PartyName>
			<cac:PostalAddress>
				<cbc:AddressFormatCode listAgencyID="320" listID="urn:oioubl:codelist:addressformatcode-1.1">StructuredDK</cbc:AddressFormatCode>
				<cbc:StreetName>Holsteinsgade</cbc:StreetName>
				<cbc:BuildingNumber>63</cbc:BuildingNumber>
				<cbc:CityName>Copenhagen</cbc:CityName>
				<cbc:PostalZone>2100</cbc:PostalZone>
				<cac:Country>
					<cbc:IdentificationCode>DK</cbc:IdentificationCode>
				</cac:Country>
			</cac:PostalAddress>
			<cac:PartyLegalEntity>
				<cbc:RegistrationName>National IT and Telecom Agency</cbc:RegistrationName>
				<cbc:CompanyID schemeID="DK:CVR">DK16356709</cbc:CompanyID>
			</cac:PartyLegalEntity>
			<cac:Contact>
				<cbc:ID>7778</cbc:ID>
				<cbc:Name>Lene Procuresen</cbc:Name>
				<cbc:Telephone>26532147</cbc:Telephone>
				<cbc:ElectronicMail>lene@itst.dk</cbc:ElectronicMail>
			</cac:Contact>
		</cac:Party>
	</cac:AccountingCustomerParty>
	<cac:Delivery>
		<cbc:ActualDeliveryDate>2005-11-15</cbc:ActualDeliveryDate>
		<cac:Despatch>
			<cac:DespatchParty>
				<cac:PartyName>
					<cbc:Name>National IT and Telecom Agency</cbc:Name>
				</cac:PartyName>
				<cac:PostalAddress>
					<cbc:AddressFormatCode listAgencyID="320" listID="urn:oioubl:codelist:addressformatcode-1.1">StructuredDK</cbc:AddressFormatCode>
					<cbc:StreetName>Holsteinsgade</cbc:StreetName>
					<cbc:BuildingNumber>300</cbc:BuildingNumber>
					<cbc:CityName>Copenhagen</cbc:CityName>
					<cbc:PostalZone>2100</cbc:PostalZone>
					<cac:Country>
						<cbc:IdentificationCode>DK</cbc:IdentificationCode>
					</cac:Country>
				</cac:PostalAddress>
				<cac:Contact>
					<cbc:Name>Ulrik Goodsen</cbc:Name>
					<cbc:Telephone>15812347</cbc:Telephone>
					<cbc:ElectronicMail>ulrik@itst.dk</cbc:ElectronicMail>
				</cac:Contact>
			</cac:DespatchParty>
		</cac:Despatch>
	</cac:Delivery>
	<cac:PaymentMeans>
		<cbc:ID>1</cbc:ID>
		<cbc:PaymentMeansCode>42</cbc:PaymentMeansCode>
		<cbc:PaymentDueDate>2005-11-25</cbc:PaymentDueDate>
		<cbc:PaymentChannelCode listAgencyID="320" listID="urn:oioubl:codelist:paymentchannelcode-1.1">DK:BANK</cbc:PaymentChannelCode>
		<cac:PayeeFinancialAccount>
			<cbc:ID>1234567890</cbc:ID>
			<cbc:PaymentNote>A00095678</cbc:PaymentNote>
			<cac:FinancialInstitutionBranch>
				<cbc:ID>1234</cbc:ID>
			</cac:FinancialInstitutionBranch>
		</cac:PayeeFinancialAccount>
	</cac:PaymentMeans>
	<cac:PaymentTerms>
		<cbc:ID>1</cbc:ID>
		<cbc:PaymentMeansID>1</cbc:PaymentMeansID>
		<cbc:Amount currencyID="DKK">6312.50</cbc:Amount>
	</cac:PaymentTerms>
	<cac:TaxTotal>
		<cbc:TaxAmount currencyID="DKK">1262.50</cbc:TaxAmount>
		<cac:TaxSubtotal>
			<cbc:TaxableAmount currencyID="DKK">5050.00</cbc:TaxableAmount>
			<cbc:TaxAmount currencyID ="DKK">1262.50</cbc:TaxAmount>
			<cac:TaxCategory>
				<cbc:ID schemeAgencyID="320" schemeID="urn:oioubl:id:taxcategoryid-1.1">StandardRated</cbc:ID>
				<cbc:Percent>25</cbc:Percent>
				<cac:TaxScheme>
					<cbc:ID schemeAgencyID="320" schemeID="urn:oioubl:id:taxschemeid-1.1">63</cbc:ID>
					<cbc:Name>Moms</cbc:Name>
				</cac:TaxScheme>
			</cac:TaxCategory>
		</cac:TaxSubtotal>
	</cac:TaxTotal>
	<cac:LegalMonetaryTotal>
		<cbc:LineExtensionAmount currencyID ="DKK">5050.00</cbc:LineExtensionAmount>
		<cbc:TaxExclusiveAmount currencyID ="DKK">1262.50</cbc:TaxExclusiveAmount>
		<cbc:TaxInclusiveAmount currencyID ="DKK">6312.50</cbc:TaxInclusiveAmount>
		<cbc:PayableAmount currencyID ="DKK">6312.50</cbc:PayableAmount>
	</cac:LegalMonetaryTotal>
	<cac:InvoiceLine>
		<cbc:ID>1</cbc:ID>
		<cbc:InvoicedQuantity unitCode="EA">1.00</cbc:InvoicedQuantity>
		<cbc:LineExtensionAmount currencyID="DKK">5000.00</cbc:LineExtensionAmount>
		<cac:OrderLineReference>
			<cbc:LineID>1</cbc:LineID>
		</cac:OrderLineReference>
		<cac:TaxTotal>
			<cbc:TaxAmount currencyID="DKK">1250.00</cbc:TaxAmount>
			<cac:TaxSubtotal>
				<cbc:TaxableAmount currencyID="DKK">5000.00</cbc:TaxableAmount>
				<cbc:TaxAmount currencyID="DKK">1250.00</cbc:TaxAmount>
				<cac:TaxCategory>
					<cbc:ID schemeAgencyID="320" schemeID="urn:oioubl:id:taxcategoryid-1.1">StandardRated</cbc:ID>
					<cbc:Percent>25</cbc:Percent>
					<cac:TaxScheme>
						<cbc:ID schemeAgencyID="320" schemeID="urn:oioubl:id:taxschemeid-1.1">63</cbc:ID>
						<cbc:Name>Moms</cbc:Name>
					</cac:TaxScheme>
				</cac:TaxCategory>
			</cac:TaxSubtotal>
		</cac:TaxTotal>
		<cac:Item>
			<cbc:Description>Projector bulb</cbc:Description>
			<cbc:Name>Projector bulb</cbc:Name>
			<cac:SellersItemIdentification>
				<cbc:ID schemeAgencyID="9" schemeID="GTIN">5712345780121</cbc:ID>
			</cac:SellersItemIdentification>
		</cac:Item>
		<cac:Price>
			<cbc:PriceAmount currencyID="DKK">5000.00</cbc:PriceAmount>
			<cbc:BaseQuantity unitCode="EA">1</cbc:BaseQuantity>
			<cbc:OrderableUnitFactorRate>1</cbc:OrderableUnitFactorRate>
		</cac:Price>
	</cac:InvoiceLine>
	<cac:InvoiceLine>
		<cbc:ID>2</cbc:ID>
		<cbc:InvoicedQuantity unitCode="EA">2.00</cbc:InvoicedQuantity>
		<cbc:LineExtensionAmount currencyID="DKK">50.00</cbc:LineExtensionAmount>
		<cac:OrderLineReference>
			<cbc:LineID>2</cbc:LineID>
		</cac:OrderLineReference>
		<cac:TaxTotal>
			<cbc:TaxAmount currencyID="DKK">12.50</cbc:TaxAmount>
			<cac:TaxSubtotal>
				<cbc:TaxableAmount currencyID="DKK">50.00</cbc:TaxableAmount>
				<cbc:TaxAmount currencyID="DKK">12.50</cbc:TaxAmount>
				<cac:TaxCategory>
					<cbc:ID schemeAgencyID="320" schemeID="urn:oioubl:id:taxcategoryid-1.1">StandardRated</cbc:ID>
					<cbc:Percent>25</cbc:Percent>
					<cac:TaxScheme>
						<cbc:ID schemeAgencyID="320" schemeID="urn:oioubl:id:taxschemeid-1.1">63</cbc:ID>
						<cbc:Name>Moms</cbc:Name>
					</cac:TaxScheme>
				</cac:TaxCategory>
			</cac:TaxSubtotal>
		</cac:TaxTotal>
		<cac:Item>
			<cbc:Description>Super Pencil</cbc:Description>
			<cbc:Name>Super Pencil</cbc:Name>
			<cac:SellersItemIdentification>
				<cbc:ID schemeAgencyID="9" schemeID="GTIN">5712345780111</cbc:ID>
			</cac:SellersItemIdentification>
		</cac:Item>
		<cac:Price>
			<cbc:PriceAmount currencyID="DKK">25.00</cbc:PriceAmount>
			<cbc:BaseQuantity unitCode="EA">1</cbc:BaseQuantity>
			<cbc:OrderableUnitFactorRate>1</cbc:OrderableUnitFactorRate>
		</cac:Price>
	</cac:InvoiceLine>
</Invoice>
