<?xml version="1.0" encoding="UTF-8"?>
<!-- This is a fictional invoice and serves as an example of an invoice message sent by a metering company -->
<!-- Authors: Michiel Stornebrink & Wouter van den Berg (TNO) -->
<!-- Documentation: Standaard Energie eFactuur (http://www.energie-efactuur.nl) -->
<!-- Date: 2016-04-20 -->
<Invoice xmlns="urn:oasis:names:specification:ubl:schema:xsd:Invoice-2" xmlns:cac="urn:oasis:names:specification:ubl:schema:xsd:CommonAggregateComponents-2" xmlns:cbc="urn:oasis:names:specification:ubl:schema:xsd:CommonBasicComponents-2" xmlns:xsi="http://www.w3.org/2001/XMLSchema-instance" xmlns:seef="urn:www.energie-efactuur.nl:profile:invoice:ver2.0" xmlns:ext="urn:oasis:names:specification:ubl:schema:xsd:CommonExtensionComponents-2" xsi:schemaLocation="urn:oasis:names:specification:ubl:schema:xsd:Invoice-2
    http://docs.oasis-open.org/ubl/os-UBL-2.1/xsd/maindoc/UBL-Invoice-2.1.xsd urn:www.energie-efactuur.nl:profile:invoice:ver2.0 ../SEeF_UBLExtension_v2.0.0.xsd">
	<!-- Het UBLExtensions element bevat de Energie-specifieke uitbreidingen, waaronder de specificatie van meterstanden die ten grondslag liggen aan het verbuik -->
	<ext:UBLExtensions>
		<ext:UBLExtension>
			<ext:ExtensionContent>
				<seef:SEEFExtensionWrapper>
					<seef:UtilityConsumptionPoint>
						<cbc:ID schemeName="EAN">123456789123456789</cbc:ID>
						<!--  EAN testnummer -->
						<seef:Address>
							<cbc:StreetName>Zunderthof</cbc:StreetName>
							<cbc:BuildingNumber>17</cbc:BuildingNumber>
							<cbc:CityName>Arnhem</cbc:CityName>
							<cbc:PostalZone>6844DR</cbc:PostalZone>
							<cac:Country>
								<cbc:IdentificationCode listID="ISO3166-1:Alpha2" listAgencyID="6">NL</cbc:IdentificationCode>
							</cac:Country>
						</seef:Address>
					</seef:UtilityConsumptionPoint>
				</seef:SEEFExtensionWrapper>
			</ext:ExtensionContent>
		</ext:UBLExtension>
	</ext:UBLExtensions>
	<!-- Technische elementen voor interpretatie van UBL bericht: -->
	<!-- Required by SI v1.1: -->
	<cbc:UBLVersionID>2.1</cbc:UBLVersionID>
	<!-- Required by SI v1.1: -->
	<cbc:CustomizationID>urn:www.cenbii.eu:transaction:biitrns010:ver2.0:extended:urn:www.peppol.eu:bis:peppol4a:ver2.0:extended:urn:www.simplerinvoicing.org:si:si-ubl:ver1.1</cbc:CustomizationID>
	<cbc:ProfileID>urn:www.energie-efactuur.nl:profile:invoice:ver1.0</cbc:ProfileID>
	<!-- Vanaf hier: kernfactuur elementen -->
	<cbc:ID>V01160032</cbc:ID>
	<cbc:IssueDate>2016-04-20</cbc:IssueDate>
	<cbc:InvoiceTypeCode listID="UNCL1001" listAgencyID="6">380</cbc:InvoiceTypeCode>
	<cbc:Note>Meetdiensten conform offerte 2012-08-3278 en conform uw akkoord d.d. 17-10-2012.</cbc:Note> 
	<cbc:DocumentCurrencyCode listID="ISO4217">EUR</cbc:DocumentCurrencyCode>
	<cac:OrderReference>
		<cbc:ID>offerte: 2012-08-3278</cbc:ID>
	</cac:OrderReference>
	
	<!-- BillingReference hier gebruiken indien het bericht een credit factuur betreft en er dus een verwijzing naar debet factuur nodig is -->
	
	<!-- Specificatie van Leverancier -->
	<cac:AccountingSupplierParty>
		<cac:Party>
			<cac:PartyIdentification>
				<cbc:ID schemeAgencyID="ZZZ" schemeID="NL:KVK">30184027</cbc:ID>
			</cac:PartyIdentification>
			<cac:PartyName>
				<cbc:Name>INNAX GEBOUW &amp; OMGEVING B.V.</cbc:Name>
			</cac:PartyName>
			<cac:PostalAddress>
				<cbc:Postbox>445</cbc:Postbox>
				<cbc:CityName>VEENENDAAL</cbc:CityName>
				<cbc:PostalZone>3900AK</cbc:PostalZone>
				<cac:Country>
					<cbc:IdentificationCode listAgencyID="6" listID="ISO3166-1:Alpha2">NL</cbc:IdentificationCode>
				</cac:Country>
			</cac:PostalAddress>
			<cac:PartyTaxScheme>
				<cbc:CompanyID schemeAgencyID="ZZZ" schemeID="NL:VAT">NL809366149B10</cbc:CompanyID>
				<cac:TaxScheme>
					<cbc:ID schemeAgencyID="6" schemeID="UN/ECE 5153">VAT</cbc:ID>
				</cac:TaxScheme>
			</cac:PartyTaxScheme>
			<cac:PartyLegalEntity>
				<cbc:CompanyID schemeAgencyID="ZZZ" schemeID="NL:KVK">30184027</cbc:CompanyID>
				<cac:RegistrationAddress>
					<cbc:CityName>Veenendaal</cbc:CityName>
					<cac:Country>
						<cbc:IdentificationCode listID="ISO3166-1:Alpha2" listAgencyID="6">NL</cbc:IdentificationCode>
					</cac:Country>
				</cac:RegistrationAddress>
			</cac:PartyLegalEntity>
			<cac:Contact>
				<cbc:Name>F. J. van Geerenstein</cbc:Name>
				<cbc:Telephone>088-5533000</cbc:Telephone>
				<cbc:ElectronicMail>info@innax.nl</cbc:ElectronicMail>
			</cac:Contact>
		</cac:Party>
	</cac:AccountingSupplierParty>
	<!-- Specificatie van Klant:-->
	<cac:AccountingCustomerParty>
		<cbc:SupplierAssignedAccountID>19969</cbc:SupplierAssignedAccountID> 
		<cac:Party>
			<cac:PartyName>
				<cbc:Name>Test verkooprelatie 1</cbc:Name>
			</cac:PartyName>
			<cac:PostalAddress>
				<cbc:StreetName>Zunderthof</cbc:StreetName>
				<cbc:BuildingNumber>17</cbc:BuildingNumber>
				<cbc:CityName>ARNHEM</cbc:CityName>
				<cbc:PostalZone>6844DR</cbc:PostalZone>
				<cac:Country>
					<cbc:IdentificationCode listID="ISO3166-1:Alpha2" listAgencyID="6">NL</cbc:IdentificationCode>
				</cac:Country>
			</cac:PostalAddress>
			<cac:PartyLegalEntity>
				<cbc:RegistrationName>Test verkooprelatie 1</cbc:RegistrationName>
				<cbc:CompanyID schemeAgencyID="ZZZ" schemeID="NL:VAT">NL123456789B01</cbc:CompanyID>
			</cac:PartyLegalEntity>
			<cac:Contact>
				<cbc:Name>J. Doe</cbc:Name>
			</cac:Contact>
		</cac:Party>
	</cac:AccountingCustomerParty>
	<!-- Betalingsgegevens: -->
	<cac:PaymentMeans>
		<cbc:PaymentMeansCode listID="UNCL4461" listAgencyID="6">42</cbc:PaymentMeansCode> <!-- 42 = Payment to bank account, 49 = Direct debit/incasso  -->
		<!-- Bankgegevens van de leverancier waarop betaald dient te worden: -->
		<cac:PayeeFinancialAccount>
			<cbc:ID schemeID="IBAN">NL13FVLB0699205077</cbc:ID>
			<cac:FinancialInstitutionBranch>
				<cac:FinancialInstitution>
					<cbc:ID schemeID="BIC">FVLBNL22</cbc:ID>
				</cac:FinancialInstitution>
			</cac:FinancialInstitutionBranch>
		</cac:PayeeFinancialAccount>
	</cac:PaymentMeans>
	<cac:PaymentTerms>
		<cbc:Note>Betaling binnen 30 dagen. Bij betaling s.v.p. het volgende betalingskenmerk gebruiken: 19969/V01160032.</cbc:Note> <!--  ??? De SEeF kent geen apart element voor betalingskenmerk. De werkgroep pakt dit op -->
	</cac:PaymentTerms>
	<!-- BTW totalen: -->
	<cac:TaxTotal>
		<cbc:TaxAmount currencyID="EUR">6.30</cbc:TaxAmount>
		<cac:TaxSubtotal>
			<cbc:TaxableAmount currencyID="EUR">30.00</cbc:TaxableAmount>
			<cbc:TaxAmount currencyID="EUR">6.30</cbc:TaxAmount>
			<cac:TaxCategory>
				<cbc:ID schemeAgencyID="6" schemeID="UNCL5305">S</cbc:ID>
				<cbc:Percent>21</cbc:Percent>
				<cac:TaxScheme>
					<cbc:ID schemeAgencyID="6" schemeID="UN/ECE 5153">VAT</cbc:ID>
				</cac:TaxScheme>
			</cac:TaxCategory>
		</cac:TaxSubtotal>
	</cac:TaxTotal>
	<!-- Factuur totalen: -->
	<cac:LegalMonetaryTotal>
		<cbc:LineExtensionAmount currencyID="EUR">30.00</cbc:LineExtensionAmount>
		<cbc:TaxExclusiveAmount currencyID="EUR">30.00</cbc:TaxExclusiveAmount>
		<cbc:TaxInclusiveAmount currencyID="EUR">36.30</cbc:TaxInclusiveAmount>
		<cbc:PayableAmount currencyID="EUR">36.30</cbc:PayableAmount>
	</cac:LegalMonetaryTotal>
	
	<!-- Factuurregels: -->
	
	<!-- Invoice line 1: -->
	<cac:InvoiceLine>
		<cbc:ID>1</cbc:ID>
		<cbc:InvoicedQuantity unitCode="C62" unitCodeListID="UNECERec20">1</cbc:InvoicedQuantity>
		<cbc:LineExtensionAmount currencyID="EUR">10.00</cbc:LineExtensionAmount>
		<cac:InvoicePeriod>
			<cbc:StartDate>2016-01-01</cbc:StartDate>
			<cbc:EndDate>2016-01-31</cbc:EndDate>
		</cac:InvoicePeriod>
		<cac:Delivery>
			<cac:DeliveryLocation>
				<cbc:ID schemeID="EAN">123456789123456789</cbc:ID>
			</cac:DeliveryLocation>
		</cac:Delivery>
		<cac:TaxTotal>
			<cbc:TaxAmount currencyID="EUR">2.10</cbc:TaxAmount>
			<!-- ??? Probleem geidentificeerd bij het opstellen van dit voorbeeld: dit element is volgens de SEeF verplicht maar komt in de praktijk niet altijd op facturen voor. Ook in dit voorbeeld niet. De werkgroep onderzoekt hoe hier mee om te gaan -->
			<cac:TaxSubtotal>
				<cbc:TaxableAmount currencyID="EUR">10.00</cbc:TaxableAmount>
				<cbc:TaxAmount currencyID="EUR">2.10</cbc:TaxAmount>
				<cac:TaxCategory>
					<cbc:ID schemeAgencyID="6" schemeID="UNCL5305">S</cbc:ID>
					<cbc:Percent>21</cbc:Percent>
					<cac:TaxScheme>
						<cbc:ID schemeAgencyID="6" schemeID="UN/ECE 5153">VAT</cbc:ID>
					</cac:TaxScheme>
				</cac:TaxCategory>
			</cac:TaxSubtotal>
		</cac:TaxTotal>
		<cac:Item>
			<cbc:Name>Meetdiensten</cbc:Name>
			<cac:CommodityClassification>
				<cbc:ItemClassificationCode listID="UNSPSC">83101800</cbc:ItemClassificationCode>
			</cac:CommodityClassification>
		</cac:Item>
		<cac:Price>
			<cbc:PriceAmount currencyID="EUR">10.00</cbc:PriceAmount>
		</cac:Price>
	</cac:InvoiceLine>
	
<!-- Invoice line 2: -->
	<cac:InvoiceLine>
		<cbc:ID>2</cbc:ID>
		<cbc:InvoicedQuantity unitCode="C62" unitCodeListID="UNECERec20">1</cbc:InvoicedQuantity>
		<cbc:LineExtensionAmount currencyID="EUR">10.00</cbc:LineExtensionAmount>
		<cac:InvoicePeriod>
			<cbc:StartDate>2016-01-01</cbc:StartDate>
			<cbc:EndDate>2016-01-31</cbc:EndDate>
		</cac:InvoicePeriod>
		<cac:Delivery>
			<cac:DeliveryLocation>
				<cbc:ID schemeID="EAN">123456789123456789</cbc:ID>
			</cac:DeliveryLocation>
		</cac:Delivery>
		<cac:TaxTotal>
			<cbc:TaxAmount currencyID="EUR">2.10</cbc:TaxAmount> <!-- ??? Probleem geidentificeerd bij het opstellen van dit voorbeeld: dit element is volgens de SEeF verplicht maar komt in de praktijk niet altijd op facturen voor. Ook in dit voorbeeld niet. De werkgroep onderzoekt hoe hier mee om te gaan -->
			<cac:TaxSubtotal>
				<cbc:TaxableAmount currencyID="EUR">10.00</cbc:TaxableAmount>
				<cbc:TaxAmount currencyID="EUR">2.10</cbc:TaxAmount>
				<cac:TaxCategory>
					<cbc:ID schemeAgencyID="6" schemeID="UNCL5305">S</cbc:ID>
					<cbc:Percent>21</cbc:Percent>
					<cac:TaxScheme>
						<cbc:ID schemeAgencyID="6" schemeID="UN/ECE 5153">VAT</cbc:ID>
					</cac:TaxScheme>
				</cac:TaxCategory>
			</cac:TaxSubtotal>
		</cac:TaxTotal>
		<cac:Item>
			<cbc:Name>Huurkoop</cbc:Name>
			<cac:CommodityClassification>
				<cbc:ItemClassificationCode listID="SEeF:ItemClassificationCodes">MEASURING</cbc:ItemClassificationCode>
			</cac:CommodityClassification>
		</cac:Item>
		<cac:Price>
			<cbc:PriceAmount currencyID="EUR">10.00</cbc:PriceAmount>
		</cac:Price>
	</cac:InvoiceLine>
	
<!-- Invoice line 3: -->		
		<cac:InvoiceLine>
		<cbc:ID>3</cbc:ID>
		<cbc:InvoicedQuantity unitCode="C62" unitCodeListID="UNECERec20">1</cbc:InvoicedQuantity>
		<cbc:LineExtensionAmount currencyID="EUR">5.00</cbc:LineExtensionAmount>
		<cac:InvoicePeriod>
			<cbc:StartDate>2016-01-01</cbc:StartDate>
			<cbc:EndDate>2016-01-31</cbc:EndDate>
		</cac:InvoicePeriod>
		<cac:Delivery>
			<cac:DeliveryLocation>
				<cbc:ID schemeID="EAN">123456789123456789</cbc:ID>
			</cac:DeliveryLocation>
		</cac:Delivery>
		<cac:TaxTotal>
			<cbc:TaxAmount currencyID="EUR">1.05</cbc:TaxAmount> <!-- ??? Probleem geidentificeerd bij het opstellen van dit voorbeeld: dit element is volgens de SEeF verplicht maar komt in de praktijk niet altijd op facturen voor. Ook in dit voorbeeld niet. De werkgroep onderzoekt hoe hier mee om te gaan -->
			<cac:TaxSubtotal>
				<cbc:TaxableAmount currencyID="EUR">5.00</cbc:TaxableAmount> 
				<cbc:TaxAmount currencyID="EUR">1.05</cbc:TaxAmount>
				<cac:TaxCategory>
					<cbc:ID schemeAgencyID="6" schemeID="UNCL5305">S</cbc:ID>
					<cbc:Percent>21</cbc:Percent>
					<cac:TaxScheme>
						<cbc:ID schemeAgencyID="6" schemeID="UN/ECE 5153">VAT</cbc:ID>
					</cac:TaxScheme>
				</cac:TaxCategory>
			</cac:TaxSubtotal>
		</cac:TaxTotal>
		<cac:Item>
			<cbc:Name>Storingen</cbc:Name>
			<cac:CommodityClassification>
				<cbc:ItemClassificationCode listID="SEeF:ItemClassificationCodes">MEASURING</cbc:ItemClassificationCode>
			</cac:CommodityClassification>
		</cac:Item>
		<cac:Price>
			<cbc:PriceAmount currencyID="EUR">5.00</cbc:PriceAmount>
		</cac:Price>
	</cac:InvoiceLine>

<!-- Invoice line 4: -->		
		<cac:InvoiceLine>
		<cbc:ID>4</cbc:ID>
		<cbc:InvoicedQuantity unitCode="C62" unitCodeListID="UNECERec20">1</cbc:InvoicedQuantity>
		<cbc:LineExtensionAmount currencyID="EUR">5.00</cbc:LineExtensionAmount>
		<cac:InvoicePeriod>
			<cbc:StartDate>2016-01-01</cbc:StartDate>
			<cbc:EndDate>2016-01-31</cbc:EndDate>
		</cac:InvoicePeriod>
		<cac:Delivery>
			<cac:DeliveryLocation>
				<cbc:ID schemeID="EAN">123456789123456789</cbc:ID>
			</cac:DeliveryLocation>
		</cac:Delivery>
		<cac:TaxTotal>
			<cbc:TaxAmount currencyID="EUR">1.05</cbc:TaxAmount> <!-- ??? Probleem geidentificeerd bij het opstellen van dit voorbeeld: dit element is volgens de SEeF verplicht maar komt in de praktijk niet altijd op facturen voor. Ook in dit voorbeeld niet. De werkgroep onderzoekt hoe hier mee om te gaan -->
			<cac:TaxSubtotal>
				<cbc:TaxableAmount currencyID="EUR">5.00</cbc:TaxableAmount> 
				<cbc:TaxAmount currencyID="EUR">1.05</cbc:TaxAmount>
				<cac:TaxCategory>
					<cbc:ID schemeAgencyID="6" schemeID="UNCL5305">S</cbc:ID>
					<cbc:Percent>21</cbc:Percent>
					<cac:TaxScheme>
						<cbc:ID schemeAgencyID="6" schemeID="UN/ECE 5153">VAT</cbc:ID>
					</cac:TaxScheme>
				</cac:TaxCategory>
			</cac:TaxSubtotal>
		</cac:TaxTotal>
		<cac:Item>
			<cbc:Name>IJkingen</cbc:Name>
			<cac:CommodityClassification>
				<cbc:ItemClassificationCode listID="SEeF:ItemClassificationCodes">MEASURING</cbc:ItemClassificationCode>
			</cac:CommodityClassification>
		</cac:Item>
		<cac:Price>
			<cbc:PriceAmount currencyID="EUR">5.00</cbc:PriceAmount>
		</cac:Price>
	</cac:InvoiceLine>
	
</Invoice>
