<?xml version="1.0" encoding="UTF-8"?>
<testSet xmlns="http://difi.no/xsd/vefa/validator/1.0"
	configuration="peppolbis-t01-base-3.0">
	<assert>
		<description>Verify that each document or line level allowance have an allowance reason text or an allowance reason code.</description>
		<scope>PEPPOL-T01-R023</scope>
	</assert>
	<test>
		<assert>
			<success>PEPPOL-T01-R023</success>
		</assert>
		<Order xmlns:cac="urn:oasis:names:specification:ubl:schema:xsd:CommonAggregateComponents-2"
			xmlns:cbc="urn:oasis:names:specification:ubl:schema:xsd:CommonBasicComponents-2"
			xmlns="urn:oasis:names:specification:ubl:schema:xsd:Order-2">

			<cac:AllowanceCharge>
				<cbc:ChargeIndicator>false</cbc:ChargeIndicator>
				<cbc:AllowanceChargeReason>Total order value discount</cbc:AllowanceChargeReason>
			</cac:AllowanceCharge>


			<cac:AllowanceCharge>
				<cbc:ChargeIndicator>false</cbc:ChargeIndicator>
				<cbc:AllowanceChargeReasonCode>97</cbc:AllowanceChargeReasonCode>
			</cac:AllowanceCharge>
		</Order>
	</test>
	<test>
		<assert>
			<success>PEPPOL-T01-R023</success>
		</assert>
		<Order xmlns:cac="urn:oasis:names:specification:ubl:schema:xsd:CommonAggregateComponents-2"
			xmlns:cbc="urn:oasis:names:specification:ubl:schema:xsd:CommonBasicComponents-2"
			xmlns="urn:oasis:names:specification:ubl:schema:xsd:Order-2">

			<cac:OrderLine>
				<cac:LineItem>
					<cac:AllowanceCharge>
						<cbc:ChargeIndicator>false</cbc:ChargeIndicator>
						<cbc:AllowanceChargeReason>Total order value discount</cbc:AllowanceChargeReason>
					</cac:AllowanceCharge>
					
					
					<cac:AllowanceCharge>
						<cbc:ChargeIndicator>false</cbc:ChargeIndicator>
						<cbc:AllowanceChargeReasonCode>97</cbc:AllowanceChargeReasonCode>
					</cac:AllowanceCharge>
				</cac:LineItem>
			</cac:OrderLine>

		</Order>
	</test>

	<test>
		<assert>
			<success>PEPPOL-T01-R023</success>
		</assert>
		<Order xmlns:cac="urn:oasis:names:specification:ubl:schema:xsd:CommonAggregateComponents-2"
			xmlns:cbc="urn:oasis:names:specification:ubl:schema:xsd:CommonBasicComponents-2"
			xmlns="urn:oasis:names:specification:ubl:schema:xsd:Order-2">
			
			<cac:AllowanceCharge>
				<cbc:ChargeIndicator>false</cbc:ChargeIndicator>
				<cbc:AllowanceChargeReason>Total order value discount</cbc:AllowanceChargeReason>
				<cbc:AllowanceChargeReasonCode>97</cbc:AllowanceChargeReasonCode>
			</cac:AllowanceCharge>
			
		</Order>
	</test>
	<test>
		<assert>
			<success>PEPPOL-T01-R023</success>
		</assert>
		<Order xmlns:cac="urn:oasis:names:specification:ubl:schema:xsd:CommonAggregateComponents-2"
			xmlns:cbc="urn:oasis:names:specification:ubl:schema:xsd:CommonBasicComponents-2"
			xmlns="urn:oasis:names:specification:ubl:schema:xsd:Order-2">
			
			<cac:OrderLine>
				<cac:LineItem>
					
					<cac:AllowanceCharge>
						<cbc:ChargeIndicator>false</cbc:ChargeIndicator>
						<cbc:AllowanceChargeReason>Total order value discount</cbc:AllowanceChargeReason>
						<cbc:AllowanceChargeReasonCode>97</cbc:AllowanceChargeReasonCode>
					</cac:AllowanceCharge>
					
				</cac:LineItem>
			</cac:OrderLine>
			
		</Order>
	</test>
	<test>
		<assert>
			<error>PEPPOL-T01-R023</error>
		</assert>
		<Order xmlns:cac="urn:oasis:names:specification:ubl:schema:xsd:CommonAggregateComponents-2"
			xmlns:cbc="urn:oasis:names:specification:ubl:schema:xsd:CommonBasicComponents-2"
			xmlns="urn:oasis:names:specification:ubl:schema:xsd:Order-2">
			
			<cac:AllowanceCharge>
				<cbc:ChargeIndicator>false</cbc:ChargeIndicator>
			<!--	<cbc:AllowanceChargeReason>Total order value discount</cbc:AllowanceChargeReason>
				<cbc:AllowanceChargeReasonCode>97</cbc:AllowanceChargeReasonCode>-->
			</cac:AllowanceCharge>
			
		</Order>
	</test>
	<test>
		<assert>
			<error>PEPPOL-T01-R023</error>
		</assert>
		<Order xmlns:cac="urn:oasis:names:specification:ubl:schema:xsd:CommonAggregateComponents-2"
			xmlns:cbc="urn:oasis:names:specification:ubl:schema:xsd:CommonBasicComponents-2"
			xmlns="urn:oasis:names:specification:ubl:schema:xsd:Order-2">
			
			<cac:OrderLine>
				<cac:LineItem>
					
					<cac:AllowanceCharge>
						<cbc:ChargeIndicator>false</cbc:ChargeIndicator>
<!--						<cbc:AllowanceChargeReason>Total order value discount</cbc:AllowanceChargeReason>
						<cbc:AllowanceChargeReasonCode>97</cbc:AllowanceChargeReasonCode>-->
					</cac:AllowanceCharge>
					
				</cac:LineItem>
			</cac:OrderLine>
			
		</Order>
	</test>


	
</testSet>
