<?xml version="1.0" encoding="UTF-8"?>
<testSet xmlns="http://difi.no/xsd/vefa/validator/1.0"
	configuration="peppolbis-t01-base-3.0">
	<assert>
		<description>Verify that order line net amount equal (Ordered quantity * (Item net price/item price base quantity) + Order line charge amount - Order line allowance amount.</description>
		<scope>PEPPOL-T01-R024</scope>
	</assert>

	<test id="1">
		<assert>
			<success>PEPPOL-T01-R024</success>
		</assert>
		<Order xmlns:cac="urn:oasis:names:specification:ubl:schema:xsd:CommonAggregateComponents-2"
			xmlns:cbc="urn:oasis:names:specification:ubl:schema:xsd:CommonBasicComponents-2"
			xmlns="urn:oasis:names:specification:ubl:schema:xsd:Order-2">

			<cac:OrderLine>
				<cac:LineItem>
					<cbc:Quantity>120</cbc:Quantity>
					<cbc:LineExtensionAmount>6300.00</cbc:LineExtensionAmount>
				
					<cac:AllowanceCharge>
						<cbc:ChargeIndicator>true</cbc:ChargeIndicator>
						<cbc:Amount>400.00</cbc:Amount>
					</cac:AllowanceCharge>
					
					<cac:AllowanceCharge>
						<cbc:ChargeIndicator>false</cbc:ChargeIndicator>
						<cbc:Amount>100</cbc:Amount>
					</cac:AllowanceCharge>
					
					<cac:Price>
						<cbc:PriceAmount>50.000</cbc:PriceAmount>
						<cbc:BaseQuantity>1</cbc:BaseQuantity>
					</cac:Price>
					
				</cac:LineItem>
			</cac:OrderLine>

		</Order>
	</test>
	
	
	<test id="2">
		<assert>
			<success>PEPPOL-T01-R024</success>
		</assert>
		<Order xmlns:cac="urn:oasis:names:specification:ubl:schema:xsd:CommonAggregateComponents-2"
			xmlns:cbc="urn:oasis:names:specification:ubl:schema:xsd:CommonBasicComponents-2"
			xmlns="urn:oasis:names:specification:ubl:schema:xsd:Order-2">
			
			<cac:OrderLine>
				<cac:LineItem>
					<cbc:Quantity>60</cbc:Quantity>
					<cbc:LineExtensionAmount>6300.00</cbc:LineExtensionAmount>
					
					<cac:AllowanceCharge>
						<cbc:ChargeIndicator>true</cbc:ChargeIndicator>
						<cbc:Amount>400.00</cbc:Amount>
					</cac:AllowanceCharge>
					
					<cac:AllowanceCharge>
						<cbc:ChargeIndicator>false</cbc:ChargeIndicator>
						<cbc:Amount>100</cbc:Amount>
					</cac:AllowanceCharge>
					
					<cac:Price>
						<cbc:PriceAmount>100.000</cbc:PriceAmount>
<!--						<cbc:BaseQuantity>2</cbc:BaseQuantity>-->
					</cac:Price>
					
				</cac:LineItem>
			</cac:OrderLine>
			
		</Order>
	</test>
	
	<test id="3">
		<assert>
			<success>PEPPOL-T01-R024</success>
		</assert>
		<Order xmlns:cac="urn:oasis:names:specification:ubl:schema:xsd:CommonAggregateComponents-2"
			xmlns:cbc="urn:oasis:names:specification:ubl:schema:xsd:CommonBasicComponents-2"
			xmlns="urn:oasis:names:specification:ubl:schema:xsd:Order-2">
			
			<cac:OrderLine>
				<cac:LineItem>
					<cbc:Quantity>12.345</cbc:Quantity>
					<cbc:LineExtensionAmount>174.54</cbc:LineExtensionAmount>
					
					<cac:AllowanceCharge>
						<cbc:ChargeIndicator>true</cbc:ChargeIndicator>
						<cbc:Amount>40.00</cbc:Amount>
					</cac:AllowanceCharge>
					
					<cac:AllowanceCharge>
						<cbc:ChargeIndicator>false</cbc:ChargeIndicator>
						<cbc:Amount>10</cbc:Amount>
					</cac:AllowanceCharge>
					
					<cac:Price>
						<cbc:PriceAmount>35.1245</cbc:PriceAmount>
						<cbc:BaseQuantity>3</cbc:BaseQuantity>
					</cac:Price>
					
				</cac:LineItem>
			</cac:OrderLine>
			
		</Order>
	</test>
	
	<test id="4">
		<assert>
			<success>PEPPOL-T01-R024</success>
		</assert>
		<Order xmlns:cac="urn:oasis:names:specification:ubl:schema:xsd:CommonAggregateComponents-2"
			xmlns:cbc="urn:oasis:names:specification:ubl:schema:xsd:CommonBasicComponents-2"
			xmlns="urn:oasis:names:specification:ubl:schema:xsd:Order-2">
			
			<cac:OrderLine>
				<cac:LineItem>
					<cbc:Quantity>120</cbc:Quantity>
					<cbc:LineExtensionAmount>5900.00</cbc:LineExtensionAmount>
					
			<!--		<cac:AllowanceCharge>
						<cbc:ChargeIndicator>true</cbc:ChargeIndicator>
						<cbc:Amount>400.00</cbc:Amount>
					</cac:AllowanceCharge>-->
					
					<cac:AllowanceCharge>
						<cbc:ChargeIndicator>false</cbc:ChargeIndicator>
						<cbc:Amount>100</cbc:Amount>
					</cac:AllowanceCharge>
					
					<cac:Price>
						<cbc:PriceAmount>100.000</cbc:PriceAmount>
						<cbc:BaseQuantity>2</cbc:BaseQuantity>
					</cac:Price>
					
				</cac:LineItem>
			</cac:OrderLine>
			
		</Order>
	</test>

	<test id="5">
		<assert>
			<success>PEPPOL-T01-R024</success>
		</assert>
		<Order xmlns:cac="urn:oasis:names:specification:ubl:schema:xsd:CommonAggregateComponents-2"
			xmlns:cbc="urn:oasis:names:specification:ubl:schema:xsd:CommonBasicComponents-2"
			xmlns="urn:oasis:names:specification:ubl:schema:xsd:Order-2">
			
			<cac:OrderLine>
				<cac:LineItem>
					<cbc:Quantity>120</cbc:Quantity>
					<cbc:LineExtensionAmount>6400.00</cbc:LineExtensionAmount>
					
					<cac:AllowanceCharge>
						<cbc:ChargeIndicator>true</cbc:ChargeIndicator>
						<cbc:Amount>400.00</cbc:Amount>
					</cac:AllowanceCharge>
<!--					
					<cac:AllowanceCharge>
						<cbc:ChargeIndicator>false</cbc:ChargeIndicator>
						<cbc:Amount>100</cbc:Amount>
					</cac:AllowanceCharge>-->
					
					<cac:Price>
						<cbc:PriceAmount>100.000</cbc:PriceAmount>
						<cbc:BaseQuantity>2</cbc:BaseQuantity>
					</cac:Price>
					
				</cac:LineItem>
			</cac:OrderLine>
			
		</Order>
	</test>
	
	<test id="6">
		<assert>
			<success>PEPPOL-T01-R024</success>
		</assert>
		<Order xmlns:cac="urn:oasis:names:specification:ubl:schema:xsd:CommonAggregateComponents-2"
			xmlns:cbc="urn:oasis:names:specification:ubl:schema:xsd:CommonBasicComponents-2"
			xmlns="urn:oasis:names:specification:ubl:schema:xsd:Order-2">
			
			<cac:OrderLine>
				<cac:LineItem>
					<cbc:Quantity>120</cbc:Quantity>
					<cbc:LineExtensionAmount>12000.00</cbc:LineExtensionAmount>

					
					<cac:Price>
						<cbc:PriceAmount>100.000</cbc:PriceAmount>
					</cac:Price>
					
				</cac:LineItem>
			</cac:OrderLine>
			
		</Order>
	</test>

	<test id="7">
		<assert>
			<success>PEPPOL-T01-R024</success>
		</assert>
		<Order xmlns:cac="urn:oasis:names:specification:ubl:schema:xsd:CommonAggregateComponents-2"
			xmlns:cbc="urn:oasis:names:specification:ubl:schema:xsd:CommonBasicComponents-2"
			xmlns="urn:oasis:names:specification:ubl:schema:xsd:Order-2">
			
			<cac:OrderLine>
				<cac:LineItem>
					<cbc:Quantity>120</cbc:Quantity>
					<cbc:LineExtensionAmount>00.00</cbc:LineExtensionAmount>
					
					
					<cac:Price>
						<cbc:PriceAmount>0.000</cbc:PriceAmount>
					</cac:Price>
					
				</cac:LineItem>
			</cac:OrderLine>
			
		</Order>
	</test>
	
	<test id="8">
		<assert>
			<error>PEPPOL-T01-R024</error>
		</assert>
		<Order xmlns:cac="urn:oasis:names:specification:ubl:schema:xsd:CommonAggregateComponents-2"
			xmlns:cbc="urn:oasis:names:specification:ubl:schema:xsd:CommonBasicComponents-2"
			xmlns="urn:oasis:names:specification:ubl:schema:xsd:Order-2">
			
			<cac:OrderLine>
				<cac:LineItem>
					<cbc:Quantity>120</cbc:Quantity>
					<cbc:LineExtensionAmount>6300.00</cbc:LineExtensionAmount>
					
					<cac:AllowanceCharge>
						<cbc:ChargeIndicator>true</cbc:ChargeIndicator>
						<cbc:Amount>400.00</cbc:Amount>
					</cac:AllowanceCharge>
					
					<cac:AllowanceCharge>
						<cbc:ChargeIndicator>true</cbc:ChargeIndicator>
						<cbc:Amount>100</cbc:Amount>
					</cac:AllowanceCharge>
					
					<cac:Price>
						<cbc:PriceAmount>100.000</cbc:PriceAmount>
						<cbc:BaseQuantity>2</cbc:BaseQuantity>
					</cac:Price>
					
				</cac:LineItem>
			</cac:OrderLine>
			
		</Order>
	</test>
	
	<test id="9">
		<assert>
			<error>PEPPOL-T01-R024</error>
		</assert>
		<Order xmlns:cac="urn:oasis:names:specification:ubl:schema:xsd:CommonAggregateComponents-2"
			xmlns:cbc="urn:oasis:names:specification:ubl:schema:xsd:CommonBasicComponents-2"
			xmlns="urn:oasis:names:specification:ubl:schema:xsd:Order-2">
			
			<cac:OrderLine>
				<cac:LineItem>
					<cbc:Quantity>120</cbc:Quantity>
					<cbc:LineExtensionAmount>6300.00</cbc:LineExtensionAmount>
					
					<cac:AllowanceCharge>
						<cbc:ChargeIndicator>true</cbc:ChargeIndicator>
						<cbc:Amount>400.00</cbc:Amount>
					</cac:AllowanceCharge>
					
					<cac:AllowanceCharge>
						<cbc:ChargeIndicator>true</cbc:ChargeIndicator>
						<cbc:Amount>100</cbc:Amount>
					</cac:AllowanceCharge>
					
					<cac:Price>
						<cbc:PriceAmount>100.000</cbc:PriceAmount>
<!--						<cbc:BaseQuantity>2</cbc:BaseQuantity>-->
					</cac:Price>
					
				</cac:LineItem>
			</cac:OrderLine>
			
		</Order>
	</test>
	
</testSet>
