<?xml version="1.0" encoding="UTF-8"?>
<testSet xmlns="http://difi.no/xsd/vefa/validator/1.0"
	configuration="peppolbis-t01-base-3.0">
	<assert>
		<description>Verify that item gross price is not negative</description>
		<scope>PEPPOL-T01-R027</scope>
	</assert>
	<test>
		<assert>
			<success>PEPPOL-T01-R027</success>
		</assert>
		<Order xmlns:cac="urn:oasis:names:specification:ubl:schema:xsd:CommonAggregateComponents-2"
			xmlns:cbc="urn:oasis:names:specification:ubl:schema:xsd:CommonBasicComponents-2"
			xmlns="urn:oasis:names:specification:ubl:schema:xsd:Order-2">

			<cac:OrderLine>
				<cac:LineItem>
					<cac:Price>
						<cac:AllowanceCharge>
							<cbc:ChargeIndicator>false</cbc:ChargeIndicator>
							<cbc:BaseAmount>115.0000</cbc:BaseAmount>
						</cac:AllowanceCharge>
					</cac:Price>
				</cac:LineItem>
			</cac:OrderLine>

		</Order>
	</test>
	<test>
		<assert>
			<success>PEPPOL-T01-R027</success>
		</assert>
		<Order xmlns:cac="urn:oasis:names:specification:ubl:schema:xsd:CommonAggregateComponents-2"
			xmlns:cbc="urn:oasis:names:specification:ubl:schema:xsd:CommonBasicComponents-2"
			xmlns="urn:oasis:names:specification:ubl:schema:xsd:Order-2">
			
			<cac:OrderLine>
				<cac:LineItem>
					<cac:Price>
						<cac:AllowanceCharge>
							<cbc:ChargeIndicator>false</cbc:ChargeIndicator>
							<cbc:BaseAmount>0.0000</cbc:BaseAmount>
						</cac:AllowanceCharge>
					</cac:Price>
				</cac:LineItem>
			</cac:OrderLine>
			
		</Order>
	</test>

	<test>
		<assert>
			<error>PEPPOL-T01-R027</error>
		</assert>
		<Order xmlns:cac="urn:oasis:names:specification:ubl:schema:xsd:CommonAggregateComponents-2"
			xmlns:cbc="urn:oasis:names:specification:ubl:schema:xsd:CommonBasicComponents-2"
			xmlns="urn:oasis:names:specification:ubl:schema:xsd:Order-2">
			
			<cac:OrderLine>
				<cac:LineItem>
					<cac:Price>
						<cac:AllowanceCharge>
							<cbc:ChargeIndicator>false</cbc:ChargeIndicator>
							<cbc:BaseAmount>-115.0000</cbc:BaseAmount>
						</cac:AllowanceCharge>
					</cac:Price>
				</cac:LineItem>
			</cac:OrderLine>
			
		</Order>
	</test>

</testSet>
