<?xml version="1.0" encoding="UTF-8"?>
<testSet xmlns="http://difi.no/xsd/vefa/validator/1.0"
	configuration="peppolbis-t01-base-3.0">
	<assert>
		<description>Verify that any allowance charge amounts are not negative</description>
		<scope>PEPPOL-T01-R033</scope>
	</assert>
	<test>
		<assert>
			<success>PEPPOL-T01-R033</success>
		</assert>
		<Order xmlns:cac="urn:oasis:names:specification:ubl:schema:xsd:CommonAggregateComponents-2"
			xmlns:cbc="urn:oasis:names:specification:ubl:schema:xsd:CommonBasicComponents-2"
			xmlns="urn:oasis:names:specification:ubl:schema:xsd:Order-2">

			<cac:OrderLine>
				<cac:LineItem>
					<cac:Price>
						<cac:AllowanceCharge>
							<cbc:Amount>100</cbc:Amount>
						</cac:AllowanceCharge>
					</cac:Price>
				</cac:LineItem>
			</cac:OrderLine>

		</Order>
	</test>
	
	<test>
		<assert>
			<success>PEPPOL-T01-R033</success>
		</assert>
		<Order xmlns:cac="urn:oasis:names:specification:ubl:schema:xsd:CommonAggregateComponents-2"
			xmlns:cbc="urn:oasis:names:specification:ubl:schema:xsd:CommonBasicComponents-2"
			xmlns="urn:oasis:names:specification:ubl:schema:xsd:Order-2">
			
			<cac:OrderLine>
				<cac:LineItem>
					<cac:Price>
						<cac:AllowanceCharge>
							<cbc:Amount>0</cbc:Amount>
						</cac:AllowanceCharge>
					</cac:Price>
				</cac:LineItem>
			</cac:OrderLine>
			
		</Order>
	</test>
	
	<test>
		<assert>
			<error>PEPPOL-T01-R033</error>
		</assert>
		<Order xmlns:cac="urn:oasis:names:specification:ubl:schema:xsd:CommonAggregateComponents-2"
			xmlns:cbc="urn:oasis:names:specification:ubl:schema:xsd:CommonBasicComponents-2"
			xmlns="urn:oasis:names:specification:ubl:schema:xsd:Order-2">
			
			<cac:OrderLine>
				<cac:LineItem>
					<cac:Price>
						<cac:AllowanceCharge>
							<cbc:Amount>-100</cbc:Amount>
						</cac:AllowanceCharge>
					</cac:Price>
				</cac:LineItem>
			</cac:OrderLine>
			
		</Order>
	</test>
</testSet>
