<?xml version="1.0" encoding="UTF-8"?>
<testSet xmlns="http://difi.no/xsd/vefa/validator/1.0" configuration="ehf-common-ubl-1.0">
	<assert>
		<!-- <scope>NOGOV-T19-R017</scope> -->
		<scope>EHF-COMMON-R010</scope>
	</assert>
	<test>
		<assert>
			<description>Verify valid organization number on EndpointID throws no error.</description>
			<!-- <success>NOGOV-T19-R017</success> -->
			<success>EHF-COMMON-R010</success>
		</assert>
		<Catalogue xmlns:cac="urn:oasis:names:specification:ubl:schema:xsd:CommonAggregateComponents-2"
			xmlns:cbc="urn:oasis:names:specification:ubl:schema:xsd:CommonBasicComponents-2"
			xmlns="urn:oasis:names:specification:ubl:schema:xsd:Catalogue-2">

			<cac:ReceiverParty>
				<cbc:EndpointID schemeID="NO:ORGNR">987654325</cbc:EndpointID>
			</cac:ReceiverParty>

		</Catalogue>
	</test>
	<test>
		<assert>
			<description>Verify non-valid organization number on EndpointID throws error.</description>
			<!-- <error number="4">NOGOV-T19-R017</error> -->
			<error number="4">EHF-COMMON-R010</error>
		</assert>
		<Catalogue xmlns:cac="urn:oasis:names:specification:ubl:schema:xsd:CommonAggregateComponents-2"
			xmlns:cbc="urn:oasis:names:specification:ubl:schema:xsd:CommonBasicComponents-2"
			xmlns="urn:oasis:names:specification:ubl:schema:xsd:Catalogue-2">

			<cac:ReceiverParty>
				<cbc:EndpointID schemeID="NO:ORGNR">987654321</cbc:EndpointID>
				<cbc:EndpointID schemeID="NO:ORGNR">987 654 325</cbc:EndpointID>
				<cbc:EndpointID schemeID="NO:ORGNR">987.654.325</cbc:EndpointID>
				<cbc:EndpointID schemeID="NO:ORGNR">9876543250</cbc:EndpointID>
			</cac:ReceiverParty>

		</Catalogue>
	</test>
</testSet>
