<?xml version="1.0" encoding="UTF-8"?>
<testSet xmlns="http://difi.no/xsd/vefa/validator/1.0" configuration="ehf-t58-base-1.0">
	<assert>
		<scope>NOGOV-T58-R004</scope>
	</assert>
	<test>
		<assert>
			<description>Verify existence of element performs correct.</description>
			<success>NOGOV-T58-R004</success>
		</assert>
		<ApplicationResponse xmlns:cac="urn:oasis:names:specification:ubl:schema:xsd:CommonAggregateComponents-2"
			xmlns:cbc="urn:oasis:names:specification:ubl:schema:xsd:CommonBasicComponents-2"
			xmlns="urn:oasis:names:specification:ubl:schema:xsd:ApplicationResponse-2">

		  <cac:ReceiverParty>
				<cbc:EndpointID></cbc:EndpointID>
			</cac:ReceiverParty>

		</ApplicationResponse>
	</test>
	<test>
		<assert>
			<description>Missing element should trigger warning.</description>
			<warning>NOGOV-T58-R004</warning>
		</assert>
		<ApplicationResponse xmlns:cac="urn:oasis:names:specification:ubl:schema:xsd:CommonAggregateComponents-2"
			xmlns:cbc="urn:oasis:names:specification:ubl:schema:xsd:CommonBasicComponents-2"
			xmlns="urn:oasis:names:specification:ubl:schema:xsd:ApplicationResponse-2">

			<cac:ReceiverParty>
				<!-- <cbc:EndpointID></cbc:EndpointID> -->
			</cac:ReceiverParty>

		</ApplicationResponse>
	</test>
</testSet>
