<?xml version="1.0" encoding="UTF-8"?>
<!--BII2-T19-R031-->
<testSet xmlns="http://difi.no/xsd/vefa/validator/1.0"
	configuration="peppolbis-t19-base-3.0">
	<assert>
		<description>Verify maximum quantity greater than or equal to minimum quantity</description>
		<scope>PEPPOL-T19-R010</scope>
	</assert>

	<test id="1">
		<assert>
			<success>PEPPOL-T19-R010</success>
		</assert>
		<Catalogue xmlns:cac="urn:oasis:names:specification:ubl:schema:xsd:CommonAggregateComponents-2"
				xmlns:cbc="urn:oasis:names:specification:ubl:schema:xsd:CommonBasicComponents-2"
				xmlns="urn:oasis:names:specification:ubl:schema:xsd:Catalogue-2">

			<cac:CatalogueLine>
					<cbc:MinimumOrderQuantity unitCode="C62">10</cbc:MinimumOrderQuantity>
					<cbc:MaximumOrderQuantity unitCode="C62">10</cbc:MaximumOrderQuantity>
			</cac:CatalogueLine>

		</Catalogue>
	</test>

	<test id="2">
		<assert>
			<success>PEPPOL-T19-R010</success>
		</assert>
		<Catalogue xmlns:cac="urn:oasis:names:specification:ubl:schema:xsd:CommonAggregateComponents-2"
				xmlns:cbc="urn:oasis:names:specification:ubl:schema:xsd:CommonBasicComponents-2"
				xmlns="urn:oasis:names:specification:ubl:schema:xsd:Catalogue-2">

			<cac:CatalogueLine>
					<cbc:MinimumOrderQuantity unitCode="C62">10</cbc:MinimumOrderQuantity>
					<cbc:MaximumOrderQuantity unitCode="C62">12</cbc:MaximumOrderQuantity>
			</cac:CatalogueLine>

		</Catalogue>
	</test>

	<test id="3">
		<assert>
			<success>PEPPOL-T19-R010</success>
		</assert>
		<Catalogue xmlns:cac="urn:oasis:names:specification:ubl:schema:xsd:CommonAggregateComponents-2"
				xmlns:cbc="urn:oasis:names:specification:ubl:schema:xsd:CommonBasicComponents-2"
				xmlns="urn:oasis:names:specification:ubl:schema:xsd:Catalogue-2">

			<cac:CatalogueLine>
					<cbc:MinimumOrderQuantity unitCode="C62">10</cbc:MinimumOrderQuantity>
			</cac:CatalogueLine>

		</Catalogue>
	</test>


	<test id="4">
		<assert>
			<success>PEPPOL-T19-R010</success>
		</assert>
		<Catalogue xmlns:cac="urn:oasis:names:specification:ubl:schema:xsd:CommonAggregateComponents-2"
				xmlns:cbc="urn:oasis:names:specification:ubl:schema:xsd:CommonBasicComponents-2"
				xmlns="urn:oasis:names:specification:ubl:schema:xsd:Catalogue-2">

			<cac:CatalogueLine>
					<cbc:MaximumOrderQuantity unitCode="C62">12</cbc:MaximumOrderQuantity>
			</cac:CatalogueLine>

		</Catalogue>
	</test>
	
	<test id="5">
		<assert>
			<error>PEPPOL-T19-R010</error>
		</assert>
		<Catalogue xmlns:cac="urn:oasis:names:specification:ubl:schema:xsd:CommonAggregateComponents-2"
				xmlns:cbc="urn:oasis:names:specification:ubl:schema:xsd:CommonBasicComponents-2"
				xmlns="urn:oasis:names:specification:ubl:schema:xsd:Catalogue-2">

			<cac:CatalogueLine>
					<cbc:MinimumOrderQuantity unitCode="C62">12</cbc:MinimumOrderQuantity>
					<cbc:MaximumOrderQuantity unitCode="C62">10</cbc:MaximumOrderQuantity>
			</cac:CatalogueLine>

		</Catalogue>
	</test>

</testSet>
