﻿<?xml version="1.0" encoding="utf-8"?> 
<Invoice xmlns="urn:oasis:names:specification:ubl:schema:xsd:Invoice-2" xmlns:abc="urn:abc" xmlns:cac="urn:oasis:names:specification:ubl:schema:xsd:CommonAggregateComponents-2" xmlns:cbc="urn:oasis:names:specification:ubl:schema:xsd:CommonBasicComponents-2" xmlns:cec="urn:oasis:names:specification:ubl:schema:xsd:CommonExtensionComponents-2" xmlns:def="urn:def" xmlns:soapenv="http://www.w3.org/2003/05/soap-envelope" xmlns:wsu="http://docs.oasis-open.org/wss/2004/01/oasis-200401-wss-wssecurity-utility-1.0.xsd" xmlns:xenc="http://www.w3.org/2001/04/xmlenc#">


<!--
******************************************************************************************************************
20090728 Finn Christensen
Faktura med registreringsafgift samt rabat.
		
******************************************************************************************************************
-->


	<cbc:UBLVersionID>2.0</cbc:UBLVersionID>
	<cbc:CustomizationID>OIOUBL-2.02</cbc:CustomizationID>
	<cbc:ProfileID schemeAgencyID="320" schemeID="urn:oioubl:id:profileid-1.2">urn:www.nesubl.eu:profiles:profile5:ver2.0</cbc:ProfileID>
	<cbc:ID>5555</cbc:ID>
	<cbc:IssueDate>2009-06-02</cbc:IssueDate>
	<cbc:InvoiceTypeCode listAgencyID="320" listID="urn:oioubl:codelist:invoicetypecode-1.1">380</cbc:InvoiceTypeCode>
	<cbc:DocumentCurrencyCode>DKK</cbc:DocumentCurrencyCode>


	<cac:AccountingSupplierParty>
		<cac:Party>
			<cbc:EndpointID schemeID="DK:CVR">DK12345678</cbc:EndpointID>
			<cac:PartyIdentification>
				<cbc:ID schemeID="DK:CVR">DK12345678</cbc:ID>
			</cac:PartyIdentification>
			<cac:PartyName>
				<cbc:Name>Super Biler</cbc:Name>
			</cac:PartyName>
			<cac:PostalAddress>
				<cbc:AddressFormatCode listAgencyID="320" listID="urn:oioubl:codelist:addressformatcode-1.1">StructuredDK</cbc:AddressFormatCode>
				<cbc:StreetName>Bilvej</cbc:StreetName>
				<cbc:BuildingNumber>11</cbc:BuildingNumber>
				<cbc:CityName>Dyssegård</cbc:CityName>
				<cbc:PostalZone>2870</cbc:PostalZone>
				<cac:Country>
					<cbc:IdentificationCode>DK</cbc:IdentificationCode>
				</cac:Country>
			</cac:PostalAddress>
			<cac:PartyTaxScheme>
				<cbc:CompanyID schemeID="DK:SE">DK12345678</cbc:CompanyID>
				<cac:TaxScheme>
					<cbc:ID schemeAgencyID="320" schemeID="urn:oioubl:id:taxschemeid-1.1">63</cbc:ID>
					<cbc:Name>Moms</cbc:Name>
				</cac:TaxScheme>
			</cac:PartyTaxScheme>
			<cac:PartyLegalEntity>
				<cbc:RegistrationName>Super Biler</cbc:RegistrationName>
				<cbc:CompanyID schemeID="DK:CVR">DK12345678</cbc:CompanyID>
			</cac:PartyLegalEntity>
			<cac:Contact>
				<cbc:ID>xyz@superbiler.dk</cbc:ID>
			</cac:Contact>
		</cac:Party>
	</cac:AccountingSupplierParty>

	<cac:AccountingCustomerParty>
		<cac:Party>
			<cbc:EndpointID schemeAgencyID="9" schemeID="GLN">5798000416604</cbc:EndpointID>
			<cac:PartyIdentification>
				<cbc:ID schemeAgencyID="9" schemeID="GLN">5798000416604</cbc:ID>
			</cac:PartyIdentification>
			<cac:PartyName>
				<cbc:Name>Den Lille Skole</cbc:Name>
			</cac:PartyName>
			<cac:PostalAddress>
				<cbc:AddressFormatCode listAgencyID="320" listID="urn:oioubl:codelist:addressformatcode-1.1">StructuredDK</cbc:AddressFormatCode>
				<cbc:StreetName>Fredericiavej</cbc:StreetName>
				<cbc:BuildingNumber>10</cbc:BuildingNumber>
				<cbc:CityName>Helsingør</cbc:CityName>
				<cbc:PostalZone>3000</cbc:PostalZone>
				<cac:Country>
					<cbc:IdentificationCode>DK</cbc:IdentificationCode>
				</cac:Country>
			</cac:PostalAddress>
			<cac:PartyLegalEntity>
				<cbc:RegistrationName>Den Lille Skole</cbc:RegistrationName>
				<cbc:CompanyID schemeID="DK:CVR">DK16356709</cbc:CompanyID>
			</cac:PartyLegalEntity>
			<cac:Contact>
				<cbc:ID>7778</cbc:ID>
				<cbc:Name>Hans Hansen</cbc:Name>
				<cbc:Telephone>26532147</cbc:Telephone>
				<cbc:ElectronicMail>Hans@dls.dk</cbc:ElectronicMail>
			</cac:Contact>
		</cac:Party>
	</cac:AccountingCustomerParty>

	<cac:Delivery>
		<cbc:ActualDeliveryDate>2009-06-02</cbc:ActualDeliveryDate>
	</cac:Delivery>

	<cac:PaymentMeans>
		<cbc:PaymentMeansCode>42</cbc:PaymentMeansCode>
		<cbc:PaymentDueDate>2009-06-05</cbc:PaymentDueDate>
		<cbc:PaymentChannelCode listAgencyID="320" listID="urn:oioubl:codelist:paymentchannelcode-1.1">DK:BANK</cbc:PaymentChannelCode>
		<cac:PayeeFinancialAccount>
			<cbc:ID>1234123456</cbc:ID>
			<cbc:PaymentNote>Faktura 5555</cbc:PaymentNote>
			<cac:FinancialInstitutionBranch>
				<cbc:ID>1234</cbc:ID>
			</cac:FinancialInstitutionBranch>
		</cac:PayeeFinancialAccount>
	</cac:PaymentMeans>

	<cac:PaymentTerms>
		<cbc:Amount currencyID="DKK">180000.00</cbc:Amount>
	</cac:PaymentTerms>

	<!-- Rabat: 0.40 -->
	<cac:AllowanceCharge>
		<cbc:ID>Rabat</cbc:ID>
		<cbc:ChargeIndicator>false</cbc:ChargeIndicator>
		<cbc:AllowanceChargeReason>Rabat</cbc:AllowanceChargeReason>
		<cbc:Amount currencyID="DKK">0.40</cbc:Amount>
		<cac:TaxCategory>
			<cbc:ID schemeAgencyID="320" schemeID="urn:oioubl:id:taxcategoryid-1.1">StandardRated</cbc:ID>
			<cbc:Percent>25.00</cbc:Percent>
			<cac:TaxScheme>
				<cbc:ID schemeAgencyID="320" schemeID="urn:oioubl:id:taxschemeid-1.1">63</cbc:ID>
				<cbc:Name>Moms</cbc:Name>
			</cac:TaxScheme>
		</cac:TaxCategory>
	</cac:AllowanceCharge>

	<!-- Registreringsafgift: 78169.00 (momsfri) -->
	<cac:TaxTotal>
		<cbc:TaxAmount currencyID="DKK">78169.00</cbc:TaxAmount>
		<cac:TaxSubtotal>
			<cbc:TaxableAmount currencyID="DKK">154290.00</cbc:TaxableAmount>
			<cbc:TaxAmount currencyID="DKK">78169.00</cbc:TaxAmount>
			<cac:TaxCategory>
				<cbc:ID schemeAgencyID="320" schemeID="urn:oioubl:id:taxcategoryid-1.1">Excise</cbc:ID>
				<cbc:BaseUnitMeasure unitCode="EA">1.00</cbc:BaseUnitMeasure>
				<cbc:PerUnitAmount currencyID="DKK">78169.00</cbc:PerUnitAmount>
				<cac:TaxScheme>
					<cbc:ID schemeAgencyID="320" schemeID="urn:oioubl:id:taxschemeid-1.1">0</cbc:ID>
					<cbc:Name>Registreringsafgift</cbc:Name>
					<cbc:TaxTypeCode listAgencyID="320" listID="urn:oioubl:codelist:taxtypecode-1.1">ZeroRated</cbc:TaxTypeCode>
				</cac:TaxScheme>
			</cac:TaxCategory>
		</cac:TaxSubtotal>
	</cac:TaxTotal>


	<!-- Momsberegning -->
	<cac:TaxTotal>

		<!-- Momsbeløb -->
		<cbc:TaxAmount currencyID="DKK">25710.40</cbc:TaxAmount>

		<!-- Momsgrundlag: 102842.00 - 0.40 = 102841.60 -->
		<!-- Moms: 102841.60 * .25 = 25710.40 -->
		<cac:TaxSubtotal>
			<cbc:TaxableAmount currencyID="DKK">102841.60</cbc:TaxableAmount>
			<cbc:TaxAmount currencyID="DKK">25710.40</cbc:TaxAmount>
			<cac:TaxCategory>
				<cbc:ID schemeAgencyID="320" schemeID="urn:oioubl:id:taxcategoryid-1.1">StandardRated</cbc:ID>
				<cbc:Percent>25.00</cbc:Percent>
				<cac:TaxScheme>
					<cbc:ID schemeAgencyID="320" schemeID="urn:oioubl:id:taxschemeid-1.1">63</cbc:ID>
					<cbc:Name>Moms</cbc:Name>
				</cac:TaxScheme>
			</cac:TaxCategory>
		</cac:TaxSubtotal>

		<!-- Momsfri andel: 78169.00 - 26721.00 =  51448.00 -->
		<cac:TaxSubtotal>
			<cbc:TaxableAmount currencyID="DKK">51448.00</cbc:TaxableAmount>
			<cbc:TaxAmount currencyID="DKK">0.00</cbc:TaxAmount>
			<cac:TaxCategory>
				<cbc:ID schemeAgencyID="320" schemeID="urn:oioubl:id:taxcategoryid-1.1">ZeroRated</cbc:ID>
				<cbc:Percent>0.00</cbc:Percent>
				<cac:TaxScheme>
					<cbc:ID schemeAgencyID="320" schemeID="urn:oioubl:id:taxschemeid-1.1">63</cbc:ID>
					<cbc:Name>Moms</cbc:Name>
				</cac:TaxScheme>
			</cac:TaxCategory>
		</cac:TaxSubtotal>

	</cac:TaxTotal>


	<cac:LegalMonetaryTotal>

		<!-- Linjesum: 102842.00 - 26721.00 = 76121.00 -->
		<cbc:LineExtensionAmount currencyID="DKK">76121.00</cbc:LineExtensionAmount>


		<!-- Tax ialt: 78169.00 + 25710.40 = 103879.40 -->
		<cbc:TaxExclusiveAmount currencyID="DKK">103879.40</cbc:TaxExclusiveAmount>


		<!-- Fakturatotal: 76121.00 + 103879.40 - 0.40 = 180000.00 -->
		<cbc:TaxInclusiveAmount currencyID="DKK">180000.00</cbc:TaxInclusiveAmount>


		<!-- Rabat ialt: 0.40  -->
		<cbc:AllowanceTotalAmount currencyID="DKK">0.40</cbc:AllowanceTotalAmount>


		<!-- Fakturatotal -->
		<cbc:PayableAmount currencyID="DKK">180000.00</cbc:PayableAmount>

	</cac:LegalMonetaryTotal>


	<cac:InvoiceLine>
		<cbc:ID>1</cbc:ID>
		<cbc:InvoicedQuantity unitCode="EA">1.00</cbc:InvoicedQuantity>
		<cbc:LineExtensionAmount currencyID="DKK">102842.00</cbc:LineExtensionAmount>
		<cac:TaxTotal>
			<cbc:TaxAmount currencyID="DKK">25710.50</cbc:TaxAmount>
			<cac:TaxSubtotal>
				<cbc:TaxableAmount currencyID="DKK">102842.00</cbc:TaxableAmount>
				<cbc:TaxAmount currencyID="DKK">25710.50</cbc:TaxAmount>
				<cac:TaxCategory>
					<cbc:ID schemeAgencyID="320" schemeID="urn:oioubl:id:taxcategoryid-1.1">StandardRated</cbc:ID>
					<cbc:Percent>25.00</cbc:Percent>
					<cac:TaxScheme>
						<cbc:ID schemeAgencyID="320" schemeID="urn:oioubl:id:taxschemeid-1.1">63</cbc:ID>
						<cbc:Name>Moms</cbc:Name>
					</cac:TaxScheme>
				</cac:TaxCategory>
			</cac:TaxSubtotal>
		</cac:TaxTotal>
		<cac:Item>
			<cbc:Description>Honda Jazz 1,4 Comfort I-shift</cbc:Description>
			<cbc:Name>Honda Jazz 1,4 Comfort I-shift</cbc:Name>
		</cac:Item>
		<cac:Price>
			<cbc:PriceAmount currencyID="DKK">102842.00</cbc:PriceAmount>
			<cbc:BaseQuantity unitCode="EA">1</cbc:BaseQuantity>
			<cbc:OrderableUnitFactorRate>1</cbc:OrderableUnitFactorRate>
		</cac:Price>
	</cac:InvoiceLine>

	<cac:InvoiceLine>
	<cbc:ID>2</cbc:ID>
		<cbc:InvoicedQuantity unitCode="EA">1.00</cbc:InvoicedQuantity>
		<cbc:LineExtensionAmount currencyID="DKK">-26721.00</cbc:LineExtensionAmount>
		<cac:TaxTotal>
			<cbc:TaxAmount currencyID="DKK">0.00</cbc:TaxAmount>
			<cac:TaxSubtotal>
				<cbc:TaxableAmount currencyID="DKK">-26721.00</cbc:TaxableAmount>
				<cbc:TaxAmount currencyID="DKK">0.00</cbc:TaxAmount>
				<cac:TaxCategory>
					<cbc:ID schemeAgencyID="320" schemeID="urn:oioubl:id:taxcategoryid-1.1">ZeroRated</cbc:ID>
					<cbc:Percent>0.00</cbc:Percent>
					<cac:TaxScheme>
						<cbc:ID schemeAgencyID="320" schemeID="urn:oioubl:id:taxschemeid-1.1">63</cbc:ID>
						<cbc:Name>Moms</cbc:Name>
					</cac:TaxScheme>
				</cac:TaxCategory>
			</cac:TaxSubtotal>
		</cac:TaxTotal>
		<cac:Item>
			<cbc:Description>Byttebil</cbc:Description>
			<cbc:Name>Byttebil</cbc:Name>
		</cac:Item>
		<cac:Price>
			<cbc:PriceAmount currencyID="DKK">-26721.00</cbc:PriceAmount>
			<cbc:BaseQuantity unitCode="EA">1</cbc:BaseQuantity>
			<cbc:OrderableUnitFactorRate>1</cbc:OrderableUnitFactorRate>
		</cac:Price>
	</cac:InvoiceLine>

</Invoice>