<?xml version="1.0" encoding="UTF-8"?>
<testSet xmlns="http://difi.no/xsd/vefa/validator/1.0" configuration="ehf-t19-base-1.0">
	<assert>
		<scope>EUGEN-T19-R054</scope>
	</assert>
	<test>
		<assert>
			<description>Verify elements with content throws no errors.</description>
			<success>EUGEN-T19-R054</success>
		</assert>
		<Catalogue xmlns:cac="urn:oasis:names:specification:ubl:schema:xsd:CommonAggregateComponents-2"
			xmlns:cbc="urn:oasis:names:specification:ubl:schema:xsd:CommonBasicComponents-2"
			xmlns="urn:oasis:names:specification:ubl:schema:xsd:Catalogue-2">

			<cbc:ActionCode>Add</cbc:ActionCode>
			<cbc:EndDate>2025-01-01</cbc:EndDate>
			<cbc:UBLVersionID>2.1</cbc:UBLVersionID>
		  <cbc:VersionID>Test</cbc:VersionID>

		</Catalogue>
	</test>
	<test>
		<assert>
			<description>Verify elements without content throws errors.</description>
			<warning>EUGEN-T19-R054</warning>
		</assert>
		<Catalogue xmlns:cac="urn:oasis:names:specification:ubl:schema:xsd:CommonAggregateComponents-2"
			xmlns:cbc="urn:oasis:names:specification:ubl:schema:xsd:CommonBasicComponents-2"
			xmlns="urn:oasis:names:specification:ubl:schema:xsd:Catalogue-2">

			<cbc:ActionCode></cbc:ActionCode>
			<cbc:EndDate></cbc:EndDate>
			<cbc:UBLVersionID></cbc:UBLVersionID>
		  <cbc:VersionID></cbc:VersionID>

		</Catalogue>
	</test>
</testSet>
