<?xml version="1.0" encoding="UTF-8"?>
<buildConfigurations xmlns="http://difi.no/xsd/vefa/validator/1.0">

    <configuration>
        <identifier>ehf-t10-core-2.0</identifier>
        <title>EHF Invoice 2.0 (Core)</title>
        <file source="sch/EHFCORE-UBL-T10.sch" path="xsl/EHFCORE-UBL-T10.xsl" />
    </configuration>

    <configuration>
        <identifier>ehf-t10-04-2.0-pc</identifier>
        <title>EHF Invoice 2.0 (Profile 04)</title>
        <profileId>urn:www.cenbii.eu:profile:bii04:ver2.0</profileId>
        <customizationId>urn:www.cenbii.eu:transaction:biitrns010:ver2.0:extended:urn:www.peppol.eu:bis:peppol4a:ver2.0:extended:urn:www.difi.no:ehf:faktura:ver2.0</customizationId>
        <inherit>ehf-t10-04-2.0</inherit>
        <inherit>ehf-t10-core-2.0</inherit>
    </configuration>
    <configuration>
        <identifier>ehf-t10-05-2.0-pc</identifier>
        <title>EHF Invoice 2.0 (Profile 05)</title>
        <profileId>urn:www.cenbii.eu:profile:bii05:ver2.0</profileId>
        <customizationId>urn:www.cenbii.eu:transaction:biitrns010:ver2.0:extended:urn:www.peppol.eu:bis:peppol5a:ver2.0:extended:urn:www.difi.no:ehf:faktura:ver2.0</customizationId>
        <inherit>ehf-t10-05-2.0</inherit>
        <inherit>ehf-t10-core-2.0</inherit>
    </configuration>
    <configuration>
        <identifier>ehf-t10-xy-2.0-pc</identifier>
        <title>EHF Invoice 2.0 (Profile XY)</title>
        <profileId>urn:www.cenbii.eu:profile:biixy:ver2.0</profileId>
        <customizationId>urn:www.cenbii.eu:transaction:biitrns010:ver2.0:extended:urn:www.cenbii.eu:profile.eu:biixy:ver2.0:extended:urn:www.difi.no:ehf:faktura:ver2.0</customizationId>
        <inherit>ehf-t10-xy-2.0</inherit>
        <inherit>ehf-t10-core-2.0</inherit>
    </configuration>

</buildConfigurations>
