<?xml version="1.0" encoding="UTF-8"?>
<testSet xmlns="http://difi.no/xsd/vefa/validator/1.0" configuration="ehf-common-ubl-1.0">
	<assert>
		<!-- <scope>NOGOV-T58-R007</scope> -->
		<scope>EHF-COMMON-R014</scope>
	</assert>
	<test>
		<assert>
			<description>Verify Norwegian schemeId on EndpointID throws no error.</description>
			<!-- <success>NOGOV-T58-R007</success> -->
			<success>EHF-COMMON-R014</success>
		</assert>
		<ApplicationResponse xmlns:cac="urn:oasis:names:specification:ubl:schema:xsd:CommonAggregateComponents-2"
			xmlns:cbc="urn:oasis:names:specification:ubl:schema:xsd:CommonBasicComponents-2"
			xmlns="urn:oasis:names:specification:ubl:schema:xsd:ApplicationResponse-2">

			<cac:ReceiverParty>
				<cbc:EndpointID schemeID="NO:ORGNR"></cbc:EndpointID>
			</cac:ReceiverParty>

		</ApplicationResponse>
	</test>
	<test>
		<assert>
			<description>Verify non-Norwegian schemeId on EndpointID throws error.</description>
			<!-- <error>NOGOV-T58-R007</error> -->
			<error>EHF-COMMON-R014</error>
		</assert>
		<ApplicationResponse xmlns:cac="urn:oasis:names:specification:ubl:schema:xsd:CommonAggregateComponents-2"
			xmlns:cbc="urn:oasis:names:specification:ubl:schema:xsd:CommonBasicComponents-2"
			xmlns="urn:oasis:names:specification:ubl:schema:xsd:ApplicationResponse-2">

			<cac:ReceiverParty>
				<cbc:EndpointID schemeID="GLN"></cbc:EndpointID>
			</cac:ReceiverParty>

		</ApplicationResponse>
	</test>
</testSet>
